,净值日期,单位净值,累计净值,日增长率
0,2020-05-21,2.1506,2.1506,-0.77%
1,2020-05-20,2.1672,2.1672,-0.27%
2,2020-05-19,2.1730,2.1730,0.77%
3,2020-05-18,2.1563,2.1563,-0.14%
4,2020-05-15,2.1594,2.1594,-0.12%
5,2020-05-14,2.1621,2.1621,-1.05%
6,2020-05-13,2.1851,2.1851,0.05%
7,2020-05-12,2.1841,2.1841,-0.19%
8,2020-05-11,2.1882,2.1882,0.31%
9,2020-05-08,2.1814,2.1814,1.71%
10,2020-05-07,2.1447,2.1447,-0.45%
11,2020-05-06,2.1545,2.1545,0.82%
12,2020-04-30,2.1369,2.1369,1.54%
13,2020-04-29,2.1045,2.1045,0.73%
14,2020-04-28,2.0893,2.0893,0.43%
15,2020-04-27,2.0803,2.0803,0.31%
16,2020-04-24,2.0738,2.0738,-0.61%
17,2020-04-23,2.0866,2.0866,-0.30%
18,2020-04-22,2.0928,2.0928,0.76%
19,2020-04-21,2.0770,2.0770,-1.27%
20,2020-04-20,2.1038,2.1038,0.12%
21,2020-04-17,2.1012,2.1012,0.78%
22,2020-04-16,2.0849,2.0849,-0.34%
23,2020-04-15,2.0921,2.0921,-0.89%
24,2020-04-14,2.1108,2.1108,1.39%
25,2020-04-13,2.0818,2.0818,0.10%
26,2020-04-10,2.0798,2.0798,-0.19%
27,2020-04-09,2.0837,2.0837,0.00%
28,2020-04-08,2.0838,2.0838,-0.68%
29,2020-04-07,2.0981,2.0981,2.29%
30,2020-04-03,2.0511,2.0511,-0.81%
31,2020-04-02,2.0678,2.0678,1.16%
32,2020-04-01,2.0440,2.0440,0.31%
33,2020-03-31,2.0377,2.0377,0.21%
34,2020-03-30,2.0334,2.0334,-1.47%
35,2020-03-27,2.0637,2.0637,0.44%
36,2020-03-26,2.0547,2.0547,-1.15%
37,2020-03-25,2.0786,2.0786,3.04%
38,2020-03-24,2.0172,2.0172,2.63%
39,2020-03-23,1.9656,1.9656,-4.00%
40,2020-03-20,2.0476,2.0476,1.70%
41,2020-03-19,2.0133,2.0133,-1.30%
42,2020-03-18,2.0398,2.0398,-2.17%
43,2020-03-17,2.0851,2.0851,-1.11%
44,2020-03-16,2.1085,2.1085,-4.52%
45,2020-03-13,2.2082,2.2082,-1.39%
46,2020-03-12,2.2394,2.2394,-2.15%
47,2020-03-11,2.2887,2.2887,-1.49%
48,2020-03-10,2.3233,2.3233,1.91%
49,2020-03-09,2.2797,2.2797,-3.46%
50,2020-03-06,2.3615,2.3615,-1.61%
51,2020-03-05,2.4001,2.4001,2.41%
52,2020-03-04,2.3436,2.3436,0.76%
53,2020-03-03,2.3260,2.3260,-0.01%
54,2020-03-02,2.3263,2.3263,3.82%
55,2020-02-28,2.2407,2.2407,-3.72%
56,2020-02-27,2.3273,2.3273,-0.10%
57,2020-02-26,2.3296,2.3296,-1.04%
58,2020-02-25,2.3542,2.3542,-0.06%
59,2020-02-24,2.3555,2.3555,0.02%
60,2020-02-21,2.3550,2.3550,-0.36%
61,2020-02-20,2.3635,2.3635,2.77%
62,2020-02-19,2.2998,2.2998,0.08%
63,2020-02-18,2.2979,2.2979,-0.24%
64,2020-02-17,2.3035,2.3035,2.19%
65,2020-02-14,2.2542,2.2542,0.71%
66,2020-02-13,2.2382,2.2382,-0.25%
67,2020-02-12,2.2439,2.2439,0.23%
68,2020-02-11,2.2388,2.2388,1.21%
69,2020-02-10,2.2121,2.2121,1.15%
70,2020-02-07,2.1869,2.1869,-0.45%
71,2020-02-06,2.1967,2.1967,1.93%
72,2020-02-05,2.1551,2.1551,1.10%
73,2020-02-04,2.1317,2.1317,3.04%
74,2020-02-03,2.0688,2.0688,-8.47%
75,2020-01-23,2.2603,2.2603,-3.41%
76,2020-01-22,2.3400,2.3400,0.62%
77,2020-01-21,2.3256,2.3256,-2.27%
78,2020-01-20,2.3797,2.3797,0.61%
79,2020-01-17,2.3653,2.3653,-0.05%
80,2020-01-16,2.3664,2.3664,-0.45%
81,2020-01-15,2.3771,2.3771,-0.71%
82,2020-01-14,2.3940,2.3940,-0.46%
83,2020-01-13,2.4050,2.4050,1.01%
84,2020-01-10,2.3810,2.3810,-0.36%
85,2020-01-09,2.3897,2.3897,1.43%
86,2020-01-08,2.3560,2.3560,-0.57%
87,2020-01-07,2.3694,2.3694,0.98%
88,2020-01-06,2.3464,2.3464,-0.95%
89,2020-01-03,2.3689,2.3689,-0.17%
90,2020-01-02,2.3729,2.3729,1.96%
91,2019-12-31,2.3274,2.3274,0.36%
92,2019-12-30,2.3191,2.3191,1.36%
93,2019-12-27,2.2880,2.2880,-0.35%
94,2019-12-26,2.2960,2.2960,1.01%
95,2019-12-25,2.2730,2.2730,-0.05%
96,2019-12-24,2.2741,2.2741,0.63%
97,2019-12-23,2.2598,2.2598,-1.25%
98,2019-12-20,2.2885,2.2885,0.01%
99,2019-12-19,2.2883,2.2883,0.37%
100,2019-12-18,2.2798,2.2798,-0.01%
101,2019-12-17,2.2801,2.2801,1.78%
102,2019-12-16,2.2403,2.2403,1.21%
103,2019-12-13,2.2135,2.2135,1.66%
104,2019-12-12,2.1774,2.1774,-0.16%
105,2019-12-11,2.1809,2.1809,0.00%
106,2019-12-10,2.1808,2.1808,-0.13%
107,2019-12-09,2.1836,2.1836,0.33%
108,2019-12-06,2.1764,2.1764,0.40%
109,2019-12-05,2.1677,2.1677,0.41%
110,2019-12-04,2.1589,2.1589,0.18%
111,2019-12-03,2.1551,2.1551,0.87%
112,2019-12-02,2.1366,2.1366,0.26%
113,2019-11-29,2.1311,2.1311,-0.35%
114,2019-11-28,2.1385,2.1385,-0.35%
115,2019-11-27,2.1461,2.1461,-0.81%
116,2019-11-26,2.1637,2.1637,0.28%
117,2019-11-25,2.1576,2.1576,1.74%
118,2019-11-22,2.1208,2.1208,-0.80%
119,2019-11-21,2.1379,2.1379,-0.41%
120,2019-11-20,2.1468,2.1468,-1.01%
121,2019-11-19,2.1688,2.1688,0.96%
122,2019-11-18,2.1482,2.1482,0.87%
123,2019-11-15,2.1297,2.1297,-0.79%
124,2019-11-14,2.1467,2.1467,0.12%
125,2019-11-13,2.1442,2.1442,-0.27%
126,2019-11-12,2.1500,2.1500,-0.32%
127,2019-11-11,2.1568,2.1568,-2.07%
128,2019-11-08,2.2024,2.2024,-0.20%
129,2019-11-07,2.2068,2.2068,0.35%
130,2019-11-06,2.1990,2.1990,-0.63%
131,2019-11-05,2.2129,2.2129,0.55%
132,2019-11-04,2.2008,2.2008,0.42%
133,2019-11-01,2.1917,2.1917,2.77%
134,2019-10-31,2.1326,2.1326,-0.21%
135,2019-10-30,2.1371,2.1371,-0.71%
136,2019-10-29,2.1523,2.1523,0.34%
137,2019-10-28,2.1451,2.1451,0.27%
138,2019-10-25,2.1394,2.1394,0.69%
139,2019-10-24,2.1248,2.1248,0.04%
140,2019-10-23,2.1240,2.1240,-0.54%
141,2019-10-22,2.1355,2.1355,0.26%
142,2019-10-21,2.1299,2.1299,0.82%
143,2019-10-18,2.1126,2.1126,-1.28%
144,2019-10-17,2.1399,2.1399,-0.22%
145,2019-10-16,2.1447,2.1447,-0.33%
146,2019-10-15,2.1519,2.1519,-0.58%
147,2019-10-14,2.1645,2.1645,1.07%
148,2019-10-11,2.1416,2.1416,0.90%
149,2019-10-10,2.1224,2.1224,0.45%
150,2019-10-09,2.1129,2.1129,0.19%
151,2019-10-08,2.1089,2.1089,1.24%
152,2019-09-30,2.0831,2.0831,-0.53%
153,2019-09-27,2.0941,2.0941,0.24%
154,2019-09-26,2.0891,2.0891,-0.90%
155,2019-09-25,2.1081,2.1081,-0.66%
156,2019-09-24,2.1221,2.1221,-0.01%
157,2019-09-23,2.1224,2.1224,-1.22%
158,2019-09-20,2.1486,2.1486,0.12%
159,2019-09-19,2.1460,2.1460,0.58%
160,2019-09-18,2.1337,2.1337,0.37%
161,2019-09-17,2.1259,2.1259,-1.62%
162,2019-09-16,2.1610,2.1610,-0.71%
163,2019-09-12,2.1764,2.1764,0.80%
164,2019-09-11,2.1592,2.1592,-0.56%
165,2019-09-10,2.1713,2.1713,-0.20%
166,2019-09-09,2.1757,2.1757,0.84%
167,2019-09-06,2.1576,2.1576,0.55%
168,2019-09-05,2.1457,2.1457,0.59%
169,2019-09-04,2.1331,2.1331,1.16%
170,2019-09-03,2.1087,2.1087,0.14%
171,2019-09-02,2.1057,2.1057,1.49%
172,2019-08-30,2.0747,2.0747,0.23%
173,2019-08-29,2.0699,2.0699,-0.67%
174,2019-08-28,2.0839,2.0839,0.02%
175,2019-08-27,2.0834,2.0834,1.50%
176,2019-08-26,2.0526,2.0526,-1.52%
177,2019-08-23,2.0843,2.0843,0.01%
178,2019-08-22,2.0840,2.0840,0.26%
179,2019-08-21,2.0785,2.0785,-0.13%
180,2019-08-20,2.0812,2.0812,0.04%
181,2019-08-19,2.0804,2.0804,2.17%
182,2019-08-16,2.0362,2.0362,0.21%
183,2019-08-15,2.0319,2.0319,0.25%
184,2019-08-14,2.0268,2.0268,0.50%
185,2019-08-13,2.0167,2.0167,-0.90%
186,2019-08-12,2.0350,2.0350,1.65%
187,2019-08-09,2.0019,2.0019,-1.36%
188,2019-08-08,2.0295,2.0295,1.44%
189,2019-08-07,2.0006,2.0006,-0.33%
190,2019-08-06,2.0073,2.0073,-0.88%
191,2019-08-05,2.0252,2.0252,-1.81%
192,2019-08-02,2.0625,2.0625,-1.55%
193,2019-08-01,2.0949,2.0949,-1.01%
194,2019-07-31,2.1163,2.1163,-1.19%
195,2019-07-30,2.1418,2.1418,0.42%
196,2019-07-29,2.1329,2.1329,-0.20%
197,2019-07-26,2.1371,2.1371,-0.15%
198,2019-07-25,2.1403,2.1403,0.78%
199,2019-07-24,2.1237,2.1237,0.46%
200,2019-07-23,2.1140,2.1140,-0.04%
201,2019-07-22,2.1149,2.1149,-0.52%
202,2019-07-19,2.1260,2.1260,1.08%
203,2019-07-18,2.1033,2.1033,-1.06%
204,2019-07-17,2.1258,2.1258,0.11%
205,2019-07-16,2.1235,2.1235,-0.34%
206,2019-07-15,2.1307,2.1307,0.60%
207,2019-07-12,2.1180,2.1180,1.23%
208,2019-07-11,2.0922,2.0922,-0.29%
209,2019-07-10,2.0983,2.0983,-0.15%
210,2019-07-09,2.1014,2.1014,0.12%
211,2019-07-08,2.0988,2.0988,-2.16%
212,2019-07-05,2.1451,2.1451,0.68%
213,2019-07-04,2.1306,2.1306,-0.20%
214,2019-07-03,2.1349,2.1349,-1.04%
215,2019-07-02,2.1573,2.1573,0.17%
216,2019-07-01,2.1536,2.1536,3.56%
217,2019-06-30,2.0796,2.0796,
218,2019-06-28,2.0796,2.0796,-0.13%
219,2019-06-27,2.0823,2.0823,1.02%
220,2019-06-26,2.0613,2.0613,-0.14%
221,2019-06-25,2.0642,2.0642,-0.92%
222,2019-06-24,2.0833,2.0833,0.36%
223,2019-06-21,2.0759,2.0759,0.00%
224,2019-06-20,2.0758,2.0758,2.64%
225,2019-06-19,2.0224,2.0224,1.07%
226,2019-06-18,2.0010,2.0010,0.09%
227,2019-06-17,1.9993,1.9993,-0.25%
228,2019-06-14,2.0043,2.0043,-0.99%
229,2019-06-13,2.0244,2.0244,-0.38%
230,2019-06-12,2.0321,2.0321,-1.04%
231,2019-06-11,2.0534,2.0534,3.29%
232,2019-06-10,1.9880,1.9880,1.30%
233,2019-06-06,1.9624,1.9624,-1.20%
234,2019-06-05,1.9863,1.9863,0.31%
235,2019-06-04,1.9802,1.9802,-0.96%
236,2019-06-03,1.9993,1.9993,-0.57%
237,2019-05-31,2.0108,2.0108,-0.21%
238,2019-05-30,2.0150,2.0150,-0.26%
239,2019-05-29,2.0202,2.0202,-0.67%
240,2019-05-28,2.0338,2.0338,1.31%
241,2019-05-27,2.0075,2.0075,1.63%
242,2019-05-24,1.9753,1.9753,0.39%
243,2019-05-23,1.9677,1.9677,-2.25%
244,2019-05-22,2.0130,2.0130,-0.55%
245,2019-05-21,2.0241,2.0241,1.87%
246,2019-05-20,1.9869,1.9869,-1.09%
247,2019-05-17,2.0087,2.0087,-2.52%
248,2019-05-16,2.0607,2.0607,0.12%
249,2019-05-15,2.0583,2.0583,2.41%
250,2019-05-14,2.0099,2.0099,-0.53%
251,2019-05-13,2.0206,2.0206,-1.22%
252,2019-05-10,2.0455,2.0455,3.79%
253,2019-05-09,1.9708,1.9708,-1.04%
254,2019-05-08,1.9915,1.9915,-1.56%
255,2019-05-07,2.0230,2.0230,1.84%
256,2019-05-06,1.9864,1.9864,-6.71%
257,2019-04-30,2.1292,2.1292,0.60%
258,2019-04-29,2.1164,2.1164,-0.26%
259,2019-04-26,2.1219,2.1219,-1.44%
260,2019-04-25,2.1530,2.1530,-2.52%
261,2019-04-24,2.2086,2.2086,0.82%
262,2019-04-23,2.1907,2.1907,-0.39%
263,2019-04-22,2.1992,2.1992,-2.60%
264,2019-04-19,2.2578,2.2578,2.02%
265,2019-04-18,2.2130,2.2130,-0.50%
266,2019-04-17,2.2242,2.2242,0.44%
267,2019-04-16,2.2145,2.2145,2.26%
268,2019-04-15,2.1656,2.1656,-0.39%
269,2019-04-12,2.1740,2.1740,-0.41%
270,2019-04-11,2.1830,2.1830,-2.37%
271,2019-04-10,2.2360,2.2360,0.68%
272,2019-04-09,2.2209,2.2209,1.62%
273,2019-04-08,2.1855,2.1855,0.07%
274,2019-04-04,2.1840,2.1840,1.15%
275,2019-04-03,2.1592,2.1592,1.11%
276,2019-04-02,2.1354,2.1354,-0.12%
277,2019-04-01,2.1379,2.1379,3.16%
278,2019-03-29,2.0725,2.0725,3.94%
279,2019-03-28,1.9940,1.9940,-0.57%
280,2019-03-27,2.0054,2.0054,1.23%
281,2019-03-26,1.9810,1.9810,-1.16%
282,2019-03-25,2.0043,2.0043,-1.79%
283,2019-03-22,2.0408,2.0408,0.21%
284,2019-03-21,2.0365,2.0365,0.02%
285,2019-03-20,2.0360,2.0360,0.08%
286,2019-03-19,2.0344,2.0344,-0.44%
287,2019-03-18,2.0434,2.0434,3.20%
288,2019-03-15,1.9801,1.9801,1.86%
289,2019-03-14,1.9440,1.9440,-1.26%
290,2019-03-13,1.9688,1.9688,-1.74%
291,2019-03-12,2.0037,2.0037,0.82%
292,2019-03-11,1.9874,1.9874,2.32%
293,2019-03-08,1.9423,1.9423,-3.46%
294,2019-03-07,2.0120,2.0120,-1.24%
295,2019-03-06,2.0372,2.0372,0.68%
296,2019-03-05,2.0234,2.0234,1.46%
297,2019-03-04,1.9942,1.9942,2.45%
298,2019-03-01,1.9466,1.9466,2.22%
299,2019-02-28,1.9044,1.9044,-0.37%
300,2019-02-27,1.9115,1.9115,-0.65%
301,2019-02-26,1.9240,1.9240,-0.90%
302,2019-02-25,1.9414,1.9414,5.41%
303,2019-02-22,1.8417,1.8417,1.53%
304,2019-02-21,1.8140,1.8140,-0.35%
305,2019-02-20,1.8203,1.8203,0.85%
306,2019-02-19,1.8050,1.8050,-0.35%
307,2019-02-18,1.8114,1.8114,3.27%
308,2019-02-15,1.7540,1.7540,-1.75%
309,2019-02-14,1.7852,1.7852,0.29%
310,2019-02-13,1.7800,1.7800,1.83%
311,2019-02-12,1.7480,1.7480,0.91%
312,2019-02-11,1.7323,1.7323,2.19%
313,2019-02-01,1.6951,1.6951,1.36%
314,2019-01-31,1.6723,1.6723,0.91%
315,2019-01-30,1.6572,1.6572,-0.39%
316,2019-01-29,1.6637,1.6637,0.64%
317,2019-01-28,1.6531,1.6531,0.14%
318,2019-01-25,1.6508,1.6508,1.02%
319,2019-01-24,1.6342,1.6342,0.55%
320,2019-01-23,1.6253,1.6253,0.22%
321,2019-01-22,1.6217,1.6217,-1.27%
322,2019-01-21,1.6425,1.6425,0.23%
323,2019-01-18,1.6388,1.6388,1.42%
324,2019-01-17,1.6158,1.6158,-0.77%
325,2019-01-16,1.6284,1.6284,0.18%
326,2019-01-15,1.6254,1.6254,1.61%
327,2019-01-14,1.5996,1.5996,-0.47%
328,2019-01-11,1.6071,1.6071,0.63%
329,2019-01-10,1.5971,1.5971,-0.24%
330,2019-01-09,1.6009,1.6009,1.39%
331,2019-01-08,1.5789,1.5789,0.03%
332,2019-01-07,1.5785,1.5785,0.91%
333,2019-01-04,1.5643,1.5643,2.70%
334,2019-01-03,1.5232,1.5232,0.01%
335,2019-01-02,1.5231,1.5231,-0.88%
336,2018-12-31,1.5366,1.5366,
337,2018-12-28,1.5366,1.5366,0.64%
338,2018-12-27,1.5268,1.5268,-0.48%
339,2018-12-26,1.5342,1.5342,-0.31%
340,2018-12-25,1.5390,1.5390,-0.66%
341,2018-12-24,1.5493,1.5493,0.32%
342,2018-12-21,1.5444,1.5444,-1.41%
343,2018-12-20,1.5665,1.5665,-0.11%
344,2018-12-19,1.5682,1.5682,-0.89%
345,2018-12-18,1.5823,1.5823,-1.04%
346,2018-12-17,1.5989,1.5989,-0.13%
347,2018-12-14,1.6010,1.6010,-1.47%
348,2018-12-13,1.6249,1.6249,1.66%
349,2018-12-12,1.5984,1.5984,0.69%
350,2018-12-11,1.5875,1.5875,0.78%
351,2018-12-10,1.5752,1.5752,-1.53%
352,2018-12-07,1.5997,1.5997,0.36%
353,2018-12-06,1.5939,1.5939,-1.97%
354,2018-12-05,1.6259,1.6259,-0.42%
355,2018-12-04,1.6328,1.6328,-0.19%
356,2018-12-03,1.6359,1.6359,2.67%
357,2018-11-30,1.5934,1.5934,0.74%
358,2018-11-29,1.5817,1.5817,-1.50%
359,2018-11-28,1.6058,1.6058,1.82%
360,2018-11-27,1.5771,1.5771,-0.34%
361,2018-11-26,1.5825,1.5825,-0.01%
362,2018-11-23,1.5827,1.5827,-2.33%
363,2018-11-22,1.6204,1.6204,-0.41%
364,2018-11-21,1.6270,1.6270,0.25%
365,2018-11-20,1.6229,1.6229,-2.45%
366,2018-11-19,1.6637,1.6637,1.57%
367,2018-11-16,1.6380,1.6380,0.84%
368,2018-11-15,1.6243,1.6243,0.78%
369,2018-11-14,1.6118,1.6118,-0.62%
370,2018-11-13,1.6218,1.6218,1.29%
371,2018-11-12,1.6012,1.6012,1.46%
372,2018-11-09,1.5781,1.5781,-1.15%
373,2018-11-08,1.5965,1.5965,-0.14%
374,2018-11-07,1.5987,1.5987,-0.48%
375,2018-11-06,1.6064,1.6064,-0.43%
376,2018-11-05,1.6134,1.6134,-0.74%
377,2018-11-02,1.6255,1.6255,2.94%
378,2018-11-01,1.5791,1.5791,0.93%
379,2018-10-31,1.5645,1.5645,1.18%
380,2018-10-30,1.5463,1.5463,0.91%
381,2018-10-29,1.5324,1.5324,-3.24%
382,2018-10-26,1.5837,1.5837,-0.11%
383,2018-10-25,1.5855,1.5855,0.58%
384,2018-10-24,1.5763,1.5763,0.35%
385,2018-10-23,1.5708,1.5708,-2.15%
386,2018-10-22,1.6053,1.6053,4.18%
387,2018-10-19,1.5409,1.5409,2.67%
388,2018-10-18,1.5008,1.5008,-2.17%
389,2018-10-17,1.5341,1.5341,0.73%
390,2018-10-16,1.5230,1.5230,-0.91%
391,2018-10-15,1.5370,1.5370,-1.57%
392,2018-10-12,1.5615,1.5615,1.79%
393,2018-10-11,1.5341,1.5341,-4.67%
394,2018-10-10,1.6093,1.6093,-0.43%
395,2018-10-09,1.6162,1.6162,0.20%
396,2018-10-08,1.6130,1.6130,-3.96%
397,2018-09-28,1.6795,1.6795,0.73%
398,2018-09-27,1.6673,1.6673,-0.38%
399,2018-09-26,1.6737,1.6737,0.80%
400,2018-09-25,1.6604,1.6604,-1.08%
401,2018-09-21,1.6786,1.6786,2.90%
402,2018-09-20,1.6313,1.6313,-0.05%
403,2018-09-19,1.6321,1.6321,1.81%
404,2018-09-18,1.6031,1.6031,1.39%
405,2018-09-17,1.5811,1.5811,-1.17%
406,2018-09-14,1.5998,1.5998,0.46%
407,2018-09-13,1.5924,1.5924,0.96%
408,2018-09-12,1.5772,1.5772,-0.60%
409,2018-09-11,1.5867,1.5867,-0.11%
410,2018-09-10,1.5885,1.5885,-0.88%
411,2018-09-07,1.6026,1.6026,0.34%
412,2018-09-06,1.5972,1.5972,-1.29%
413,2018-09-05,1.6181,1.6181,-1.96%
414,2018-09-04,1.6504,1.6504,1.12%
415,2018-09-03,1.6322,1.6322,-0.48%
416,2018-08-31,1.6400,1.6400,-0.43%
417,2018-08-30,1.6471,1.6471,-1.06%
418,2018-08-29,1.6648,1.6648,-0.35%
419,2018-08-28,1.6706,1.6706,0.02%
420,2018-08-27,1.6703,1.6703,2.80%
421,2018-08-24,1.6248,1.6248,0.20%
422,2018-08-23,1.6215,1.6215,0.06%
423,2018-08-22,1.6206,1.6206,-0.60%
424,2018-08-21,1.6303,1.6303,1.69%
425,2018-08-20,1.6032,1.6032,0.95%
426,2018-08-17,1.5881,1.5881,-1.05%
427,2018-08-16,1.6049,1.6049,-0.75%
428,2018-08-15,1.6170,1.6170,-1.87%
429,2018-08-14,1.6478,1.6478,-0.51%
430,2018-08-13,1.6562,1.6562,-0.58%
431,2018-08-10,1.6658,1.6658,0.40%
432,2018-08-09,1.6592,1.6592,2.33%
433,2018-08-08,1.6215,1.6215,-1.50%
434,2018-08-07,1.6462,1.6462,3.18%
435,2018-08-06,1.5954,1.5954,-1.16%
436,2018-08-03,1.6142,1.6142,-1.91%
437,2018-08-02,1.6457,1.6457,-2.67%
438,2018-08-01,1.6909,1.6909,-2.11%
439,2018-07-31,1.7274,1.7274,0.23%
440,2018-07-30,1.7235,1.7235,-0.22%
441,2018-07-27,1.7273,1.7273,-0.52%
442,2018-07-26,1.7364,1.7364,-0.85%
443,2018-07-25,1.7513,1.7513,-0.47%
444,2018-07-24,1.7595,1.7595,2.08%
445,2018-07-23,1.7237,1.7237,0.85%
446,2018-07-20,1.7091,1.7091,1.19%
447,2018-07-19,1.6890,1.6890,0.19%
448,2018-07-18,1.6858,1.6858,-0.88%
449,2018-07-17,1.7007,1.7007,-0.61%
450,2018-07-16,1.7112,1.7112,-0.34%
451,2018-07-13,1.7170,1.7170,0.42%
452,2018-07-12,1.7098,1.7098,2.11%
453,2018-07-11,1.6744,1.6744,-1.86%
454,2018-07-10,1.7061,1.7061,0.21%
455,2018-07-09,1.7025,1.7025,2.94%
456,2018-07-06,1.6539,1.6539,0.83%
457,2018-07-05,1.6403,1.6403,-0.88%
458,2018-07-04,1.6548,1.6548,-1.86%
459,2018-07-03,1.6862,1.6862,-0.07%
460,2018-07-02,1.6874,1.6874,-3.17%
461,2018-06-30,1.7427,1.7427,
462,2018-06-29,1.7427,1.7427,2.80%
463,2018-06-28,1.6953,1.6953,-0.99%
464,2018-06-27,1.7122,1.7122,-2.39%
465,2018-06-26,1.7542,1.7542,-0.93%
466,2018-06-25,1.7706,1.7706,-1.57%
467,2018-06-22,1.7988,1.7988,0.59%
468,2018-06-21,1.7882,1.7882,-0.80%
469,2018-06-20,1.8026,1.8026,0.61%
470,2018-06-19,1.7917,1.7917,-4.34%
471,2018-06-15,1.8729,1.8729,-0.30%
472,2018-06-14,1.8786,1.8786,-0.82%
473,2018-06-13,1.8941,1.8941,-1.04%
474,2018-06-12,1.9141,1.9141,1.52%
475,2018-06-11,1.8855,1.8855,0.54%
476,2018-06-08,1.8754,1.8754,-1.15%
477,2018-06-07,1.8973,1.8973,-0.06%
478,2018-06-06,1.8985,1.8985,-0.36%
479,2018-06-05,1.9053,1.9053,1.01%
480,2018-06-04,1.8862,1.8862,1.41%
481,2018-06-01,1.8599,1.8599,-0.70%
482,2018-05-31,1.8731,1.8731,2.77%
483,2018-05-30,1.8227,1.8227,-1.82%
484,2018-05-29,1.8565,1.8565,-1.08%
485,2018-05-28,1.8768,1.8768,1.02%
486,2018-05-25,1.8579,1.8579,-0.21%
487,2018-05-24,1.8618,1.8618,-0.71%
488,2018-05-23,1.8752,1.8752,-1.13%
489,2018-05-22,1.8967,1.8967,-0.59%
490,2018-05-21,1.9080,1.9080,0.03%
491,2018-05-18,1.9075,1.9075,0.79%
492,2018-05-17,1.8926,1.8926,-0.59%
493,2018-05-16,1.9039,1.9039,-0.77%
494,2018-05-15,1.9187,1.9187,0.25%
495,2018-05-14,1.9140,1.9140,1.03%
496,2018-05-11,1.8945,1.8945,-0.68%
497,2018-05-10,1.9075,1.9075,0.37%
498,2018-05-09,1.9004,1.9004,-0.21%
499,2018-05-08,1.9044,1.9044,1.42%
500,2018-05-07,1.8778,1.8778,1.89%
501,2018-05-04,1.8430,1.8430,-0.49%
502,2018-05-03,1.8521,1.8521,1.11%
503,2018-05-02,1.8317,1.8317,0.10%
504,2018-04-27,1.8299,1.8299,-0.50%
505,2018-04-26,1.8391,1.8391,-2.96%
506,2018-04-25,1.8952,1.8952,-0.74%
507,2018-04-24,1.9093,1.9093,1.92%
508,2018-04-23,1.8734,1.8734,0.56%
509,2018-04-20,1.8630,1.8630,-0.99%
510,2018-04-19,1.8816,1.8816,1.83%
511,2018-04-18,1.8478,1.8478,0.13%
512,2018-04-17,1.8454,1.8454,-1.08%
513,2018-04-16,1.8655,1.8655,-1.92%
514,2018-04-13,1.9021,1.9021,-0.54%
515,2018-04-12,1.9124,1.9124,-1.09%
516,2018-04-11,1.9335,1.9335,0.67%
517,2018-04-10,1.9206,1.9206,2.14%
518,2018-04-09,1.8804,1.8804,-1.09%
519,2018-04-04,1.9012,1.9012,0.39%
520,2018-04-03,1.8938,1.8938,-0.48%
521,2018-04-02,1.9029,1.9029,-0.46%
522,2018-03-30,1.9116,1.9116,-0.53%
523,2018-03-29,1.9218,1.9218,2.89%
524,2018-03-28,1.8679,1.8679,-1.80%
525,2018-03-27,1.9022,1.9022,0.60%
526,2018-03-26,1.8908,1.8908,-1.19%
527,2018-03-23,1.9135,1.9135,-2.41%
528,2018-03-22,1.9608,1.9608,-1.48%
529,2018-03-21,1.9903,1.9903,-0.37%
530,2018-03-20,1.9976,1.9976,-0.44%
531,2018-03-19,2.0065,2.0065,-0.54%
532,2018-03-16,2.0173,2.0173,-0.97%
533,2018-03-15,2.0371,2.0371,0.59%
534,2018-03-14,2.0251,2.0251,-0.41%
535,2018-03-13,2.0334,2.0334,-0.73%
536,2018-03-12,2.0483,2.0483,0.19%
537,2018-03-09,2.0444,2.0444,0.56%
538,2018-03-08,2.0331,2.0331,1.74%
539,2018-03-07,1.9984,1.9984,-0.96%
540,2018-03-06,2.0177,2.0177,1.83%
541,2018-03-05,1.9815,1.9815,-0.63%
542,2018-03-02,1.9940,1.9940,-0.44%
543,2018-03-01,2.0028,2.0028,0.25%
544,2018-02-28,1.9979,1.9979,-0.31%
545,2018-02-27,2.0041,2.0041,-2.53%
546,2018-02-26,2.0562,2.0562,0.84%
547,2018-02-23,2.0391,2.0391,0.12%
548,2018-02-22,2.0367,2.0367,2.07%
549,2018-02-14,1.9954,1.9954,1.46%
550,2018-02-13,1.9667,1.9667,1.23%
551,2018-02-12,1.9428,1.9428,2.40%
552,2018-02-09,1.8972,1.8972,-4.23%
553,2018-02-08,1.9809,1.9809,0.45%
554,2018-02-07,1.9720,1.9720,-3.61%
555,2018-02-06,2.0458,2.0458,-3.16%
556,2018-02-05,2.1126,2.1126,-0.61%
557,2018-02-02,2.1256,2.1256,0.79%
558,2018-02-01,2.1089,2.1089,-1.71%
559,2018-01-31,2.1456,2.1456,1.00%
560,2018-01-30,2.1244,2.1244,-1.60%
561,2018-01-29,2.1590,2.1590,-2.05%
562,2018-01-26,2.2042,2.2042,0.39%
563,2018-01-25,2.1956,2.1956,-0.65%
564,2018-01-24,2.2099,2.2099,-0.60%
565,2018-01-23,2.2233,2.2233,0.83%
566,2018-01-22,2.2051,2.2051,2.26%
567,2018-01-19,2.1564,2.1564,-0.47%
568,2018-01-18,2.1665,2.1665,0.52%
569,2018-01-17,2.1553,2.1553,-1.29%
570,2018-01-16,2.1835,2.1835,1.81%
571,2018-01-15,2.1447,2.1447,0.77%
572,2018-01-12,2.1283,2.1283,1.19%
573,2018-01-11,2.1033,2.1033,-0.54%
574,2018-01-10,2.1148,2.1148,0.86%
575,2018-01-09,2.0968,2.0968,1.17%
576,2018-01-08,2.0725,2.0725,0.82%
577,2018-01-05,2.0557,2.0557,0.74%
578,2018-01-04,2.0406,2.0406,1.01%
579,2018-01-03,2.0202,2.0202,0.21%
580,2018-01-02,2.0160,2.0160,2.07%
581,2017-12-31,1.9752,1.9752,
582,2017-12-29,1.9752,1.9752,0.34%
583,2017-12-28,1.9686,1.9686,1.06%
584,2017-12-27,1.9480,1.9480,-1.27%
585,2017-12-26,1.9731,1.9731,0.17%
586,2017-12-25,1.9698,1.9698,-0.08%
587,2017-12-22,1.9714,1.9714,-0.08%
588,2017-12-21,1.9730,1.9730,1.55%
589,2017-12-20,1.9429,1.9429,-0.21%
590,2017-12-19,1.9469,1.9469,1.41%
591,2017-12-18,1.9199,1.9199,0.45%
592,2017-12-15,1.9113,1.9113,-1.55%
593,2017-12-14,1.9414,1.9414,-0.25%
594,2017-12-13,1.9463,1.9463,1.35%
595,2017-12-12,1.9204,1.9204,-1.17%
596,2017-12-11,1.9431,1.9431,2.29%
597,2017-12-08,1.8996,1.8996,1.13%
598,2017-12-07,1.8783,1.8783,-1.87%
599,2017-12-06,1.9140,1.9140,-0.35%
600,2017-12-05,1.9208,1.9208,-0.19%
601,2017-12-04,1.9244,1.9244,0.73%
602,2017-12-01,1.9104,1.9104,-0.56%
603,2017-11-30,1.9211,1.9211,-1.91%
604,2017-11-29,1.9586,1.9586,0.56%
605,2017-11-28,1.9476,1.9476,0.10%
606,2017-11-27,1.9457,1.9457,-2.12%
607,2017-11-24,1.9878,1.9878,0.61%
608,2017-11-23,1.9758,1.9758,-3.64%
609,2017-11-22,2.0505,2.0505,-0.16%
610,2017-11-21,2.0538,2.0538,3.29%
611,2017-11-20,1.9884,1.9884,1.08%
612,2017-11-17,1.9672,1.9672,-0.84%
613,2017-11-16,1.9839,1.9839,1.08%
614,2017-11-15,1.9628,1.9628,-0.27%
615,2017-11-14,1.9682,1.9682,-0.64%
616,2017-11-13,1.9808,1.9808,0.22%
617,2017-11-10,1.9765,1.9765,0.99%
618,2017-11-09,1.9572,1.9572,1.03%
619,2017-11-08,1.9373,1.9373,-0.69%
620,2017-11-07,1.9507,1.9507,1.04%
621,2017-11-06,1.9307,1.9307,1.72%
622,2017-11-03,1.8981,1.8981,-1.11%
623,2017-11-02,1.9195,1.9195,0.22%
624,2017-11-01,1.9152,1.9152,-0.13%
625,2017-10-31,1.9177,1.9177,-0.13%
626,2017-10-30,1.9201,1.9201,0.29%
627,2017-10-27,1.9145,1.9145,0.71%
628,2017-10-26,1.9010,1.9010,0.64%
629,2017-10-25,1.8889,1.8889,1.00%
630,2017-10-24,1.8702,1.8702,1.15%
631,2017-10-23,1.8490,1.8490,0.21%
632,2017-10-20,1.8451,1.8451,-0.16%
633,2017-10-19,1.8481,1.8481,-0.88%
634,2017-10-18,1.8646,1.8646,0.69%
635,2017-10-17,1.8519,1.8519,0.38%
636,2017-10-16,1.8448,1.8448,-0.66%
637,2017-10-13,1.8570,1.8570,0.35%
638,2017-10-12,1.8506,1.8506,0.27%
639,2017-10-11,1.8456,1.8456,0.62%
640,2017-10-10,1.8343,1.8343,0.28%
641,2017-10-09,1.8291,1.8291,1.90%
642,2017-09-29,1.7950,1.7950,0.25%
643,2017-09-28,1.7905,1.7905,-0.22%
644,2017-09-27,1.7944,1.7944,0.44%
645,2017-09-26,1.7865,1.7865,0.25%
646,2017-09-25,1.7821,1.7821,-1.63%
647,2017-09-22,1.8117,1.8117,0.01%
648,2017-09-21,1.8115,1.8115,-0.28%
649,2017-09-20,1.8165,1.8165,1.07%
650,2017-09-19,1.7973,1.7973,-0.24%
651,2017-09-18,1.8017,1.8017,0.06%
652,2017-09-15,1.8006,1.8006,0.68%
653,2017-09-14,1.7885,1.7885,0.49%
654,2017-09-13,1.7797,1.7797,0.76%
655,2017-09-12,1.7663,1.7663,0.09%
656,2017-09-11,1.7647,1.7647,-0.03%
657,2017-09-08,1.7652,1.7652,-0.29%
658,2017-09-07,1.7703,1.7703,0.16%
659,2017-09-06,1.7675,1.7675,-0.10%
660,2017-09-05,1.7692,1.7692,0.23%
661,2017-09-04,1.7651,1.7651,0.70%
662,2017-09-01,1.7528,1.7528,0.13%
663,2017-08-31,1.7505,1.7505,-0.56%
664,2017-08-30,1.7603,1.7603,0.36%
665,2017-08-29,1.7539,1.7539,-0.23%
666,2017-08-28,1.7579,1.7579,1.51%
667,2017-08-25,1.7318,1.7318,1.08%
668,2017-08-24,1.7133,1.7133,-0.30%
669,2017-08-23,1.7184,1.7184,0.03%
670,2017-08-22,1.7179,1.7179,0.17%
671,2017-08-21,1.7150,1.7150,0.60%
672,2017-08-18,1.7048,1.7048,0.34%
673,2017-08-17,1.6991,1.6991,0.47%
674,2017-08-16,1.6912,1.6912,-0.32%
675,2017-08-15,1.6967,1.6967,-0.02%
676,2017-08-14,1.6970,1.6970,1.20%
677,2017-08-11,1.6769,1.6769,-2.96%
678,2017-08-10,1.7280,1.7280,-1.04%
679,2017-08-09,1.7461,1.7461,0.76%
680,2017-08-08,1.7329,1.7329,0.12%
681,2017-08-07,1.7308,1.7308,0.84%
682,2017-08-04,1.7163,1.7163,-0.65%
683,2017-08-03,1.7275,1.7275,-0.66%
684,2017-08-02,1.7390,1.7390,-0.24%
685,2017-08-01,1.7432,1.7432,0.40%
686,2017-07-31,1.7362,1.7362,0.71%
687,2017-07-28,1.7239,1.7239,1.12%
688,2017-07-27,1.7048,1.7048,-0.66%
689,2017-07-26,1.7161,1.7161,-0.81%
690,2017-07-25,1.7301,1.7301,-0.63%
691,2017-07-24,1.7410,1.7410,0.35%
692,2017-07-21,1.7349,1.7349,-0.38%
693,2017-07-20,1.7416,1.7416,0.62%
694,2017-07-19,1.7308,1.7308,1.54%
695,2017-07-18,1.7046,1.7046,0.64%
696,2017-07-17,1.6937,1.6937,-1.67%
697,2017-07-14,1.7224,1.7224,0.20%
698,2017-07-13,1.7189,1.7189,0.42%
699,2017-07-12,1.7117,1.7117,-0.36%
700,2017-07-11,1.7178,1.7178,1.27%
701,2017-07-10,1.6962,1.6962,0.06%
702,2017-07-07,1.6952,1.6952,-0.20%
703,2017-07-06,1.6986,1.6986,0.01%
704,2017-07-05,1.6985,1.6985,1.29%
705,2017-07-04,1.6768,1.6768,-1.06%
706,2017-07-03,1.6947,1.6947,-0.64%
707,2017-06-30,1.7057,1.7057,-0.04%
708,2017-06-29,1.7064,1.7064,0.43%
709,2017-06-28,1.6991,1.6991,-0.93%
710,2017-06-27,1.7151,1.7151,-0.13%
711,2017-06-26,1.7174,1.7174,2.25%
712,2017-06-23,1.6796,1.6796,2.05%
713,2017-06-22,1.6458,1.6458,0.00%
714,2017-06-21,1.6458,1.6458,1.47%
715,2017-06-20,1.6219,1.6219,0.11%
716,2017-06-19,1.6201,1.6201,1.19%
717,2017-06-16,1.6010,1.6010,-0.45%
718,2017-06-15,1.6082,1.6082,-0.06%
719,2017-06-14,1.6092,1.6092,-1.34%
720,2017-06-13,1.6310,1.6310,0.42%
721,2017-06-12,1.6241,1.6241,0.69%
722,2017-06-09,1.6129,1.6129,0.34%
723,2017-06-08,1.6074,1.6074,1.16%
724,2017-06-07,1.5889,1.5889,1.58%
725,2017-06-06,1.5642,1.5642,1.04%
726,2017-06-05,1.5481,1.5481,-0.20%
727,2017-06-02,1.5512,1.5512,0.03%
728,2017-06-01,1.5508,1.5508,-0.68%
729,2017-05-31,1.5614,1.5614,0.31%
730,2017-05-26,1.5565,1.5565,0.10%
731,2017-05-25,1.5550,1.5550,1.30%
732,2017-05-24,1.5351,1.5351,-0.01%
733,2017-05-23,1.5352,1.5352,-0.27%
734,2017-05-22,1.5393,1.5393,0.01%
735,2017-05-19,1.5392,1.5392,0.59%
736,2017-05-18,1.5301,1.5301,-0.33%
737,2017-05-17,1.5352,1.5352,-0.62%
738,2017-05-16,1.5448,1.5448,1.65%
739,2017-05-15,1.5198,1.5198,0.40%
740,2017-05-12,1.5137,1.5137,0.55%
741,2017-05-11,1.5054,1.5054,1.29%
742,2017-05-10,1.4862,1.4862,-0.26%
743,2017-05-09,1.4901,1.4901,0.32%
744,2017-05-08,1.4854,1.4854,-2.31%
745,2017-05-05,1.5206,1.5206,-0.92%
746,2017-05-04,1.5347,1.5347,-0.06%
747,2017-05-03,1.5356,1.5356,-0.60%
748,2017-05-02,1.5448,1.5448,-0.11%
749,2017-04-28,1.5465,1.5465,-0.16%
750,2017-04-27,1.5490,1.5490,-0.47%
751,2017-04-26,1.5563,1.5563,0.24%
752,2017-04-25,1.5525,1.5525,1.40%
753,2017-04-24,1.5310,1.5310,-1.94%
754,2017-04-21,1.5613,1.5613,-0.01%
755,2017-04-20,1.5614,1.5614,0.15%
756,2017-04-19,1.5590,1.5590,-0.35%
757,2017-04-18,1.5645,1.5645,0.20%
758,2017-04-17,1.5614,1.5614,-0.08%
759,2017-04-14,1.5627,1.5627,-1.36%
760,2017-04-13,1.5842,1.5842,0.69%
761,2017-04-12,1.5733,1.5733,-0.15%
762,2017-04-11,1.5757,1.5757,0.53%
763,2017-04-10,1.5674,1.5674,0.17%
764,2017-04-07,1.5648,1.5648,0.31%
765,2017-04-06,1.5599,1.5599,0.75%
766,2017-04-05,1.5483,1.5483,1.43%
767,2017-03-31,1.5264,1.5264,0.85%
768,2017-03-30,1.5136,1.5136,-1.27%
769,2017-03-29,1.5331,1.5331,0.10%
770,2017-03-28,1.5315,1.5315,0.00%
771,2017-03-27,1.5315,1.5315,-0.97%
772,2017-03-24,1.5465,1.5465,0.73%
773,2017-03-23,1.5353,1.5353,0.49%
774,2017-03-22,1.5278,1.5278,-0.35%
775,2017-03-21,1.5332,1.5332,1.07%
776,2017-03-20,1.5169,1.5169,0.17%
777,2017-03-17,1.5144,1.5144,-1.17%
778,2017-03-16,1.5323,1.5323,0.47%
779,2017-03-15,1.5252,1.5252,0.48%
780,2017-03-14,1.5179,1.5179,0.09%
781,2017-03-13,1.5165,1.5165,0.82%
782,2017-03-10,1.5042,1.5042,0.62%
783,2017-03-09,1.4949,1.4949,-0.72%
784,2017-03-08,1.5057,1.5057,-0.25%
785,2017-03-07,1.5094,1.5094,0.16%
786,2017-03-06,1.5070,1.5070,1.05%
787,2017-03-03,1.4914,1.4914,-0.31%
788,2017-03-02,1.4961,1.4961,-0.60%
789,2017-03-01,1.5051,1.5051,0.33%
790,2017-02-28,1.5001,1.5001,0.53%
791,2017-02-27,1.4922,1.4922,-1.37%
792,2017-02-24,1.5129,1.5129,-0.52%
793,2017-02-23,1.5208,1.5208,-0.91%
794,2017-02-22,1.5347,1.5347,0.55%
795,2017-02-21,1.5263,1.5263,0.27%
796,2017-02-20,1.5222,1.5222,2.10%
797,2017-02-17,1.4909,1.4909,-0.71%
798,2017-02-16,1.5015,1.5015,0.96%
799,2017-02-15,1.4872,1.4872,-0.63%
800,2017-02-14,1.4967,1.4967,0.21%
801,2017-02-13,1.4935,1.4935,1.53%
802,2017-02-10,1.4710,1.4710,1.07%
803,2017-02-09,1.4554,1.4554,0.46%
804,2017-02-08,1.4488,1.4488,0.70%
805,2017-02-07,1.4388,1.4388,0.14%
806,2017-02-06,1.4368,1.4368,0.19%
807,2017-02-03,1.4341,1.4341,-0.90%
808,2017-01-26,1.4471,1.4471,0.66%
809,2017-01-25,1.4376,1.4376,0.07%
810,2017-01-24,1.4366,1.4366,0.43%
811,2017-01-23,1.4304,1.4304,0.77%
812,2017-01-20,1.4195,1.4195,0.93%
813,2017-01-19,1.4064,1.4064,-0.50%
814,2017-01-18,1.4135,1.4135,1.00%
815,2017-01-17,1.3995,1.3995,0.84%
816,2017-01-16,1.3879,1.3879,-1.46%
817,2017-01-13,1.4084,1.4084,-0.27%
818,2017-01-12,1.4122,1.4122,-0.68%
819,2017-01-11,1.4219,1.4219,-0.62%
820,2017-01-10,1.4307,1.4307,0.28%
821,2017-01-09,1.4267,1.4267,0.44%
822,2017-01-06,1.4205,1.4205,-0.59%
823,2017-01-05,1.4290,1.4290,0.13%
824,2017-01-04,1.4272,1.4272,0.95%
825,2017-01-03,1.4137,1.4137,1.39%
826,2016-12-31,1.3942,1.3942,-0.01%
827,2016-12-30,1.3943,1.3943,0.14%
828,2016-12-29,1.3923,1.3923,-0.16%
829,2016-12-28,1.3946,1.3946,-0.48%
830,2016-12-27,1.4013,1.4013,0.39%
831,2016-12-26,1.3958,1.3958,0.51%
832,2016-12-23,1.3887,1.3887,-1.39%
833,2016-12-22,1.4083,1.4083,0.03%
834,2016-12-21,1.4079,1.4079,0.78%
835,2016-12-20,1.3970,1.3970,-1.10%
836,2016-12-19,1.4125,1.4125,-0.90%
837,2016-12-16,1.4253,1.4253,0.59%
838,2016-12-15,1.4169,1.4169,-0.68%
839,2016-12-14,1.4266,1.4266,-1.11%
840,2016-12-13,1.4426,1.4426,0.33%
841,2016-12-12,1.4379,1.4379,-3.59%
842,2016-12-09,1.4914,1.4914,0.58%
843,2016-12-08,1.4828,1.4828,-0.24%
844,2016-12-07,1.4863,1.4863,0.65%
845,2016-12-06,1.4767,1.4767,0.22%
846,2016-12-05,1.4734,1.4734,-2.70%
847,2016-12-02,1.5143,1.5143,-1.86%
848,2016-12-01,1.5430,1.5430,2.02%
849,2016-11-30,1.5124,1.5124,-0.73%
850,2016-11-29,1.5235,1.5235,0.14%
851,2016-11-28,1.5213,1.5213,0.81%
852,2016-11-25,1.5091,1.5091,1.02%
853,2016-11-24,1.4938,1.4938,0.90%
854,2016-11-23,1.4805,1.4805,1.12%
855,2016-11-22,1.4641,1.4641,0.86%
856,2016-11-21,1.4516,1.4516,0.42%
857,2016-11-18,1.4455,1.4455,-0.54%
858,2016-11-17,1.4533,1.4533,0.51%
859,2016-11-16,1.4459,1.4459,-0.35%
860,2016-11-15,1.4510,1.4510,0.19%
861,2016-11-14,1.4483,1.4483,0.12%
862,2016-11-11,1.4466,1.4466,0.86%
863,2016-11-10,1.4343,1.4343,1.36%
864,2016-11-09,1.4151,1.4151,0.43%
865,2016-11-08,1.4090,1.4090,0.36%
866,2016-11-07,1.4040,1.4040,0.32%
867,2016-11-04,1.3995,1.3995,-0.29%
868,2016-11-03,1.4035,1.4035,0.62%
869,2016-11-02,1.3949,1.3949,-1.02%
870,2016-11-01,1.4093,1.4093,0.82%
871,2016-10-31,1.3979,1.3979,0.09%
872,2016-10-28,1.3967,1.3967,-0.41%
873,2016-10-27,1.4024,1.4024,-0.55%
874,2016-10-26,1.4101,1.4101,-0.33%
875,2016-10-25,1.4147,1.4147,0.68%
876,2016-10-24,1.4052,1.4052,1.12%
877,2016-10-21,1.3896,1.3896,0.06%
878,2016-10-20,1.3887,1.3887,0.05%
879,2016-10-19,1.3880,1.3880,-0.21%
880,2016-10-18,1.3909,1.3909,1.02%
881,2016-10-17,1.3769,1.3769,-0.98%
882,2016-10-14,1.3905,1.3905,0.09%
883,2016-10-13,1.3893,1.3893,-0.01%
884,2016-10-12,1.3894,1.3894,-0.12%
885,2016-10-11,1.3911,1.3911,0.27%
886,2016-10-10,1.3873,1.3873,0.43%
887,2016-09-30,1.3814,1.3814,0.63%
888,2016-09-29,1.3727,1.3727,0.52%
889,2016-09-28,1.3656,1.3656,-0.04%
890,2016-09-27,1.3661,1.3661,0.97%
891,2016-09-26,1.3530,1.3530,-1.51%
892,2016-09-23,1.3737,1.3737,-0.76%
893,2016-09-22,1.3842,1.3842,1.50%
894,2016-09-21,1.3638,1.3638,0.85%
895,2016-09-20,1.3523,1.3523,-0.07%
896,2016-09-19,1.3532,1.3532,1.11%
897,2016-09-14,1.3383,1.3383,-0.75%
898,2016-09-13,1.3484,1.3484,0.17%
899,2016-09-12,1.3461,1.3461,-2.04%
900,2016-09-09,1.3741,1.3741,-0.80%
901,2016-09-08,1.3852,1.3852,-0.12%
902,2016-09-07,1.3868,1.3868,-0.06%
903,2016-09-06,1.3877,1.3877,1.05%
904,2016-09-05,1.3733,1.3733,0.93%
905,2016-09-02,1.3607,1.3607,0.40%
906,2016-09-01,1.3553,1.3553,-1.43%
907,2016-08-31,1.3749,1.3749,1.18%
908,2016-08-30,1.3589,1.3589,-0.04%
909,2016-08-29,1.3594,1.3594,0.22%
910,2016-08-26,1.3564,1.3564,-0.40%
911,2016-08-25,1.3619,1.3619,-0.66%
912,2016-08-24,1.3709,1.3709,-0.54%
913,2016-08-23,1.3783,1.3783,0.10%
914,2016-08-22,1.3769,1.3769,-0.63%
915,2016-08-19,1.3856,1.3856,-0.76%
916,2016-08-18,1.3962,1.3962,-0.11%
917,2016-08-17,1.3978,1.3978,-0.72%
918,2016-08-16,1.4079,1.4079,0.87%
919,2016-08-15,1.3958,1.3958,2.93%
920,2016-08-12,1.3561,1.3561,2.19%
921,2016-08-11,1.3271,1.3271,-0.34%
922,2016-08-10,1.3316,1.3316,-0.61%
923,2016-08-09,1.3398,1.3398,0.28%
924,2016-08-08,1.3360,1.3360,1.38%
925,2016-08-05,1.3178,1.3178,0.70%
926,2016-08-04,1.3087,1.3087,0.70%
927,2016-08-03,1.2996,1.2996,0.37%
928,2016-08-02,1.2948,1.2948,0.45%
929,2016-08-01,1.2890,1.2890,-0.70%
930,2016-07-29,1.2981,1.2981,0.07%
931,2016-07-28,1.2972,1.2972,1.12%
932,2016-07-27,1.2828,1.2828,-2.09%
933,2016-07-26,1.3102,1.3102,1.46%
934,2016-07-25,1.2914,1.2914,0.21%
935,2016-07-22,1.2887,1.2887,-1.05%
936,2016-07-21,1.3024,1.3024,0.62%
937,2016-07-20,1.2944,1.2944,-0.20%
938,2016-07-19,1.2970,1.2970,-0.83%
939,2016-07-18,1.3079,1.3079,-0.84%
940,2016-07-15,1.3190,1.3190,0.38%
941,2016-07-14,1.3140,1.3140,-0.62%
942,2016-07-13,1.3222,1.3222,0.29%
943,2016-07-12,1.3184,1.3184,2.23%
944,2016-07-11,1.2896,1.2896,0.69%
945,2016-07-08,1.2808,1.2808,-0.17%
946,2016-07-07,1.2830,1.2830,-0.53%
947,2016-07-06,1.2899,1.2899,0.91%
948,2016-07-05,1.2783,1.2783,-1.43%
949,2016-07-04,1.2969,1.2969,-0.49%
950,2016-07-01,1.3033,1.3033,0.06%
951,2016-06-30,1.3025,1.3025,0.03%
952,2016-06-29,1.3021,1.3021,0.07%
953,2016-06-28,1.3012,1.3012,0.33%
954,2016-06-27,1.2969,1.2969,1.40%
955,2016-06-24,1.2790,1.2790,-0.87%
956,2016-06-23,1.2902,1.2902,-0.44%
957,2016-06-22,1.2959,1.2959,1.02%
958,2016-06-21,1.2828,1.2828,-0.33%
959,2016-06-20,1.2870,1.2870,0.12%
960,2016-06-17,1.2855,1.2855,0.83%
961,2016-06-16,1.2749,1.2749,-0.65%
962,2016-06-15,1.2833,1.2833,1.21%
963,2016-06-14,1.2679,1.2679,0.49%
964,2016-06-13,1.2617,1.2617,-2.19%
965,2016-06-08,1.2899,1.2899,-0.69%
966,2016-06-07,1.2989,1.2989,-0.23%
967,2016-06-06,1.3019,1.3019,0.15%
968,2016-06-03,1.3000,1.3000,0.83%
969,2016-06-02,1.2893,1.2893,0.09%
970,2016-06-01,1.2881,1.2881,0.33%
971,2016-05-31,1.2838,1.2838,2.26%
972,2016-05-30,1.2554,1.2554,-0.20%
973,2016-05-27,1.2579,1.2579,0.10%
974,2016-05-26,1.2566,1.2566,0.09%
975,2016-05-25,1.2555,1.2555,-0.09%
976,2016-05-24,1.2566,1.2566,-0.70%
977,2016-05-23,1.2655,1.2655,0.36%
978,2016-05-20,1.2609,1.2609,0.30%
979,2016-05-19,1.2571,1.2571,-0.15%
980,2016-05-18,1.2590,1.2590,-0.72%
981,2016-05-17,1.2681,1.2681,-0.29%
982,2016-05-16,1.2718,1.2718,0.53%
983,2016-05-13,1.2651,1.2651,-0.42%
984,2016-05-12,1.2704,1.2704,-0.08%
985,2016-05-11,1.2714,1.2714,0.77%
986,2016-05-10,1.2617,1.2617,0.33%
987,2016-05-09,1.2575,1.2575,-1.81%
988,2016-05-06,1.2807,1.2807,-2.23%
989,2016-05-05,1.3099,1.3099,-0.02%
990,2016-05-04,1.3101,1.3101,-0.43%
991,2016-05-03,1.3158,1.3158,1.91%
992,2016-04-29,1.2911,1.2911,0.45%
993,2016-04-28,1.2853,1.2853,-0.34%
994,2016-04-27,1.2897,1.2897,-0.39%
995,2016-04-26,1.2948,1.2948,0.36%
996,2016-04-25,1.2901,1.2901,0.05%
997,2016-04-22,1.2894,1.2894,0.35%
998,2016-04-21,1.2849,1.2849,-0.01%
999,2016-04-20,1.2850,1.2850,-2.03%
1000,2016-04-19,1.3116,1.3116,0.07%
1001,2016-04-18,1.3107,1.3107,-1.09%
1002,2016-04-15,1.3252,1.3252,-0.30%
1003,2016-04-14,1.3292,1.3292,0.25%
1004,2016-04-13,1.3259,1.3259,1.35%
1005,2016-04-12,1.3082,1.3082,-0.23%
1006,2016-04-11,1.3112,1.3112,1.13%
1007,2016-04-08,1.2965,1.2965,-0.67%
1008,2016-04-07,1.3052,1.3052,-1.19%
1009,2016-04-06,1.3209,1.3209,0.02%
1010,2016-04-05,1.3207,1.3207,1.15%
1011,2016-04-01,1.3057,1.3057,-0.23%
1012,2016-03-31,1.3087,1.3087,0.10%
1013,2016-03-30,1.3074,1.3074,1.70%
1014,2016-03-29,1.2856,1.2856,-1.17%
1015,2016-03-28,1.3008,1.3008,-0.41%
1016,2016-03-25,1.3061,1.3061,0.66%
1017,2016-03-24,1.2976,1.2976,-1.04%
1018,2016-03-23,1.3113,1.3113,0.12%
1019,2016-03-22,1.3097,1.3097,-0.58%
1020,2016-03-21,1.3173,1.3173,1.57%
1021,2016-03-18,1.2969,1.2969,1.58%
1022,2016-03-17,1.2767,1.2767,1.32%
1023,2016-03-16,1.2601,1.2601,-0.60%
1024,2016-03-15,1.2677,1.2677,-0.57%
1025,2016-03-14,1.2750,1.2750,1.23%
1026,2016-03-11,1.2595,1.2595,-0.17%
1027,2016-03-10,1.2617,1.2617,-0.71%
1028,2016-03-09,1.2707,1.2707,-1.82%
1029,2016-03-08,1.2943,1.2943,-0.60%
1030,2016-03-07,1.3021,1.3021,0.75%
1031,2016-03-04,1.2924,1.2924,0.35%
1032,2016-03-03,1.2879,1.2879,-0.21%
1033,2016-03-02,1.2906,1.2906,3.60%
1034,2016-03-01,1.2458,1.2458,1.67%
1035,2016-02-29,1.2253,1.2253,-1.98%
1036,2016-02-26,1.2501,1.2501,1.26%
1037,2016-02-25,1.2345,1.2345,-4.48%
1038,2016-02-24,1.2924,1.2924,0.50%
1039,2016-02-23,1.2860,1.2860,-0.15%
1040,2016-02-22,1.2879,1.2879,1.83%
1041,2016-02-19,1.2648,1.2648,-0.13%
1042,2016-02-18,1.2664,1.2664,-0.15%
1043,2016-02-17,1.2683,1.2683,0.70%
1044,2016-02-16,1.2595,1.2595,2.34%
1045,2016-02-15,1.2307,1.2307,-0.74%
1046,2016-02-05,1.2399,1.2399,-0.59%
1047,2016-02-04,1.2473,1.2473,0.78%
1048,2016-02-03,1.2377,1.2377,-0.40%
1049,2016-02-02,1.2427,1.2427,1.42%
1050,2016-02-01,1.2253,1.2253,-1.19%
1051,2016-01-29,1.2401,1.2401,2.17%
1052,2016-01-28,1.2138,1.2138,-1.95%
1053,2016-01-27,1.2380,1.2380,-0.20%
1054,2016-01-26,1.2405,1.2405,-4.55%
1055,2016-01-25,1.2997,1.2997,0.81%
1056,2016-01-22,1.2892,1.2892,0.84%
1057,2016-01-21,1.2785,1.2785,-2.19%
1058,2016-01-20,1.3071,1.3071,-1.44%
1059,2016-01-19,1.3262,1.3262,2.50%
1060,2016-01-18,1.2939,1.2939,-0.12%
1061,2016-01-15,1.2954,1.2954,-2.99%
1062,2016-01-14,1.3353,1.3353,1.82%
1063,2016-01-13,1.3114,1.3114,-0.98%
1064,2016-01-12,1.3244,1.3244,0.57%
1065,2016-01-11,1.3169,1.3169,-3.84%
1066,2016-01-08,1.3695,1.3695,2.43%
1067,2016-01-07,1.3370,1.3370,-5.69%
1068,2016-01-06,1.4176,1.4176,2.05%
1069,2016-01-05,1.3891,1.3891,1.13%
1070,2016-01-04,1.3736,1.3736,-6.08%
1071,2015-12-31,1.4625,1.4625,-1.10%
1072,2015-12-30,1.4787,1.4787,-0.16%
1073,2015-12-29,1.4810,1.4810,1.19%
1074,2015-12-28,1.4636,1.4636,-2.20%
1075,2015-12-25,1.4965,1.4965,0.09%
1076,2015-12-24,1.4951,1.4951,-0.88%
1077,2015-12-23,1.5083,1.5083,-0.19%
1078,2015-12-22,1.5112,1.5112,0.31%
1079,2015-12-21,1.5066,1.5066,3.18%
1080,2015-12-18,1.4601,1.4601,1.49%
1081,2015-12-17,1.4387,1.4387,3.44%
1082,2015-12-16,1.3908,1.3908,-1.05%
1083,2015-12-15,1.4055,1.4055,0.38%
1084,2015-12-14,1.4002,1.4002,2.06%
1085,2015-12-11,1.3719,1.3719,0.38%
1086,2015-12-10,1.3667,1.3667,-0.45%
1087,2015-12-09,1.3729,1.3729,2.12%
1088,2015-12-08,1.3444,1.3444,-2.25%
1089,2015-12-07,1.3753,1.3753,-0.41%
1090,2015-12-04,1.3809,1.3809,-1.02%
1091,2015-12-03,1.3951,1.3951,1.28%
1092,2015-12-02,1.3775,1.3775,5.18%
1093,2015-12-01,1.3096,1.3096,2.82%
1094,2015-11-30,1.2737,1.2737,0.89%
1095,2015-11-27,1.2625,1.2625,-5.00%
1096,2015-11-26,1.3290,1.3290,-0.09%
1097,2015-11-25,1.3302,1.3302,0.29%
1098,2015-11-24,1.3263,1.3263,0.13%
1099,2015-11-23,1.3246,1.3246,-0.86%
1100,2015-11-20,1.3361,1.3361,0.13%
1101,2015-11-19,1.3343,1.3343,0.90%
1102,2015-11-18,1.3224,1.3224,-0.15%
1103,2015-11-17,1.3244,1.3244,0.11%
1104,2015-11-16,1.3229,1.3229,0.54%
1105,2015-11-13,1.3158,1.3158,-1.42%
1106,2015-11-12,1.3348,1.3348,-0.95%
1107,2015-11-11,1.3476,1.3476,-0.04%
1108,2015-11-10,1.3481,1.3481,-0.33%
1109,2015-11-09,1.3525,1.3525,1.22%
1110,2015-11-06,1.3362,1.3362,1.57%
1111,2015-11-05,1.3156,1.3156,1.62%
1112,2015-11-04,1.2946,1.2946,4.31%
1113,2015-11-03,1.2411,1.2411,-0.16%
1114,2015-11-02,1.2431,1.2431,-1.54%
1115,2015-10-30,1.2625,1.2625,-0.24%
1116,2015-10-29,1.2655,1.2655,0.60%
1117,2015-10-28,1.2579,1.2579,-1.38%
1118,2015-10-27,1.2755,1.2755,-0.17%
1119,2015-10-26,1.2777,1.2777,0.77%
1120,2015-10-23,1.2679,1.2679,2.48%
1121,2015-10-22,1.2372,1.2372,1.81%
1122,2015-10-21,1.2152,1.2152,-3.72%
1123,2015-10-20,1.2622,1.2622,0.95%
1124,2015-10-19,1.2503,1.2503,-0.02%
1125,2015-10-16,1.2505,1.2505,0.82%
1126,2015-10-15,1.2403,1.2403,1.96%
1127,2015-10-14,1.2164,1.2164,-1.31%
1128,2015-10-13,1.2326,1.2326,-0.28%
1129,2015-10-12,1.2361,1.2361,3.19%
1130,2015-10-09,1.1979,1.1979,0.96%
1131,2015-10-08,1.1865,1.1865,3.31%
1132,2015-09-30,1.1485,1.1485,0.98%
1133,2015-09-29,1.1373,1.1373,-1.97%
1134,2015-09-28,1.1601,1.1601,0.33%
1135,2015-09-25,1.1563,1.1563,-2.20%
1136,2015-09-24,1.1823,1.1823,0.14%
1137,2015-09-23,1.1807,1.1807,-1.79%
1138,2015-09-22,1.2022,1.2022,0.76%
1139,2015-09-21,1.1931,1.1931,1.46%
1140,2015-09-18,1.1759,1.1759,0.27%
1141,2015-09-17,1.1727,1.1727,-2.22%
1142,2015-09-16,1.1993,1.1993,4.92%
1143,2015-09-15,1.1431,1.1431,-3.62%
1144,2015-09-14,1.1860,1.1860,-4.47%
1145,2015-09-11,1.2415,1.2415,-0.24%
1146,2015-09-10,1.2445,1.2445,-2.06%
1147,2015-09-09,1.2707,1.2707,1.64%
1148,2015-09-08,1.2502,1.2502,1.49%
1149,2015-09-07,1.2318,1.2318,-2.50%
1150,2015-09-02,1.2634,1.2634,-0.24%
1151,2015-09-01,1.2664,1.2664,-0.08%
1152,2015-08-31,1.2674,1.2674,-0.26%
1153,2015-08-28,1.2707,1.2707,3.99%
1154,2015-08-27,1.2220,1.2220,2.92%
1155,2015-08-26,1.1873,1.1873,-0.21%
1156,2015-08-25,1.1898,1.1898,-5.46%
1157,2015-08-24,1.2585,1.2585,-7.07%
1158,2015-08-21,1.3542,1.3542,-4.38%
1159,2015-08-20,1.4163,1.4163,-2.63%
1160,2015-08-19,1.4546,1.4546,1.74%
1161,2015-08-18,1.4297,1.4297,-5.39%
1162,2015-08-17,1.5111,1.5111,0.50%
1163,2015-08-14,1.5036,1.5036,0.40%
1164,2015-08-13,1.4976,1.4976,1.42%
1165,2015-08-12,1.4766,1.4766,-1.28%
1166,2015-08-11,1.4957,1.4957,0.81%
1167,2015-08-10,1.4837,1.4837,2.94%
1168,2015-08-07,1.4413,1.4413,1.38%
1169,2015-08-06,1.4217,1.4217,-0.84%
1170,2015-08-05,1.4338,1.4338,-1.55%
1171,2015-08-04,1.4563,1.4563,1.92%
1172,2015-08-03,1.4289,1.4289,2.12%
1173,2015-07-31,1.3993,1.3993,1.12%
1174,2015-07-30,1.3838,1.3838,-2.99%
1175,2015-07-29,1.4265,1.4265,2.43%
1176,2015-07-28,1.3927,1.3927,0.85%
1177,2015-07-27,1.3809,1.3809,-7.67%
1178,2015-07-24,1.4956,1.4956,-1.28%
1179,2015-07-23,1.5150,1.5150,1.99%
1180,2015-07-22,1.4854,1.4854,0.01%
1181,2015-07-21,1.4853,1.4853,-0.12%
1182,2015-07-20,1.4871,1.4871,0.12%
1183,2015-07-17,1.4853,1.4853,3.85%
1184,2015-07-16,1.4302,1.4302,1.10%
1185,2015-07-15,1.4146,1.4146,-4.21%
1186,2015-07-14,1.4768,1.4768,-2.71%
1187,2015-07-13,1.5180,1.5180,4.23%
1188,2015-07-10,1.4564,1.4564,5.89%
1189,2015-07-09,1.3754,1.3754,6.65%
1190,2015-07-08,1.2897,1.2897,-6.64%
1191,2015-07-07,1.3814,1.3814,-4.51%
1192,2015-07-06,1.4467,1.4467,1.37%
1193,2015-07-03,1.4271,1.4271,-6.12%
1194,2015-07-02,1.5202,1.5202,-4.35%
1195,2015-07-01,1.5894,1.5894,-4.18%
1196,2015-06-30,1.6587,1.6587,5.32%
1197,2015-06-29,1.5749,1.5749,-1.01%
1198,2015-06-26,1.5910,1.5910,-6.65%
1199,2015-06-25,1.7044,1.7044,-2.21%
1200,2015-06-24,1.7430,1.7430,2.71%
1201,2015-06-23,1.6970,1.6970,3.96%
1202,2015-06-19,1.6323,1.6323,-5.66%
1203,2015-06-18,1.7303,1.7303,-2.67%
1204,2015-06-17,1.7777,1.7777,1.31%
1205,2015-06-16,1.7547,1.7547,-3.16%
1206,2015-06-15,1.8119,1.8119,-0.86%
1207,2015-06-12,1.8276,1.8276,0.99%
1208,2015-06-11,1.8096,1.8096,0.18%
1209,2015-06-10,1.8064,1.8064,0.11%
1210,2015-06-09,1.8045,1.8045,-0.14%
1211,2015-06-08,1.8070,1.8070,2.17%
1212,2015-06-05,1.7687,1.7687,2.60%
1213,2015-06-04,1.7239,1.7239,-0.11%
1214,2015-06-03,1.7258,1.7258,-0.08%
1215,2015-06-02,1.7271,1.7271,1.58%
1216,2015-06-01,1.7003,1.7003,4.44%
1217,2015-05-29,1.6280,1.6280,0.31%
1218,2015-05-28,1.6229,1.6229,-5.63%
1219,2015-05-27,1.7197,1.7197,0.06%
1220,2015-05-26,1.7186,1.7186,2.55%
1221,2015-05-25,1.6759,1.6759,2.35%
1222,2015-05-22,1.6374,1.6374,1.81%
1223,2015-05-21,1.6083,1.6083,2.43%
1224,2015-05-20,1.5701,1.5701,0.31%
1225,2015-05-19,1.5652,1.5652,3.01%
1226,2015-05-18,1.5195,1.5195,-0.48%
1227,2015-05-15,1.5268,1.5268,-2.07%
1228,2015-05-14,1.5591,1.5591,-0.10%
1229,2015-05-13,1.5606,1.5606,0.85%
1230,2015-05-12,1.5475,1.5475,0.55%
1231,2015-05-11,1.5391,1.5391,2.23%
1232,2015-05-08,1.5055,1.5055,2.19%
1233,2015-05-07,1.4732,1.4732,-1.04%
1234,2015-05-06,1.4887,1.4887,-1.92%
1235,2015-05-05,1.5178,1.5178,-4.28%
1236,2015-05-04,1.5856,1.5856,1.86%
1237,2015-04-30,1.5566,1.5566,-0.42%
1238,2015-04-29,1.5631,1.5631,0.88%
1239,2015-04-28,1.5495,1.5495,-2.30%
1240,2015-04-27,1.5860,1.5860,1.31%
1241,2015-04-24,1.5655,1.5655,-1.08%
1242,2015-04-23,1.5826,1.5826,0.50%
1243,2015-04-22,1.5748,1.5748,2.17%
1244,2015-04-21,1.5414,1.5414,3.73%
1245,2015-04-20,1.4860,1.4860,-1.00%
1246,2015-04-17,1.5010,1.5010,1.80%
1247,2015-04-16,1.4745,1.4745,1.95%
1248,2015-04-15,1.4463,1.4463,-3.02%
1249,2015-04-14,1.4914,1.4914,-0.39%
1250,2015-04-13,1.4973,1.4973,0.84%
1251,2015-04-10,1.4848,1.4848,1.21%
1252,2015-04-09,1.4671,1.4671,-0.52%
1253,2015-04-08,1.4747,1.4747,0.74%
1254,2015-04-07,1.4639,1.4639,1.86%
1255,2015-04-03,1.4371,1.4371,1.00%
1256,2015-04-02,1.4229,1.4229,0.34%
1257,2015-04-01,1.4181,1.4181,1.34%
1258,2015-03-31,1.3994,1.3994,-0.74%
1259,2015-03-30,1.4099,1.4099,3.13%
1260,2015-03-27,1.3671,1.3671,1.01%
1261,2015-03-26,1.3534,1.3534,0.36%
1262,2015-03-25,1.3485,1.3485,-0.70%
1263,2015-03-24,1.3580,1.3580,-0.06%
1264,2015-03-23,1.3588,1.3588,1.99%
1265,2015-03-20,1.3323,1.3323,0.74%
1266,2015-03-19,1.3225,1.3225,-0.34%
1267,2015-03-18,1.3270,1.3270,2.62%
1268,2015-03-17,1.2931,1.2931,1.70%
1269,2015-03-16,1.2715,1.2715,2.14%
1270,2015-03-13,1.2449,1.2449,0.80%
1271,2015-03-12,1.2350,1.2350,0.78%
1272,2015-03-11,1.2254,1.2254,-0.22%
1273,2015-03-10,1.2281,1.2281,0.01%
1274,2015-03-09,1.2280,1.2280,0.96%
1275,2015-03-06,1.2163,1.2163,-0.54%
1276,2015-03-05,1.2229,1.2229,-0.90%
1277,2015-03-04,1.2340,1.2340,0.89%
1278,2015-03-03,1.2231,1.2231,-2.54%
1279,2015-03-02,1.2550,1.2550,1.52%
1280,2015-02-27,1.2362,1.2362,0.03%
1281,2015-02-26,1.2358,1.2358,2.34%
1282,2015-02-25,1.2076,1.2076,-1.05%
1283,2015-02-17,1.2204,1.2204,0.76%
1284,2015-02-16,1.2112,1.2112,0.72%
1285,2015-02-13,1.2026,1.2026,1.10%
1286,2015-02-12,1.1895,1.1895,0.41%
1287,2015-02-11,1.1847,1.1847,0.65%
1288,2015-02-10,1.1770,1.1770,2.06%
1289,2015-02-09,1.1533,1.1533,0.37%
1290,2015-02-06,1.1490,1.1490,-2.54%
1291,2015-02-05,1.1789,1.1789,-0.98%
1292,2015-02-04,1.1906,1.1906,-0.56%
1293,2015-02-03,1.1973,1.1973,1.91%
1294,2015-02-02,1.1749,1.1749,-2.03%
1295,2015-01-30,1.1993,1.1993,-0.61%
1296,2015-01-29,1.2067,1.2067,-0.70%
1297,2015-01-28,1.2152,1.2152,-1.44%
1298,2015-01-27,1.2329,1.2329,-0.76%
1299,2015-01-26,1.2424,1.2424,1.51%
1300,2015-01-23,1.2239,1.2239,-0.19%
1301,2015-01-22,1.2262,1.2262,0.81%
1302,2015-01-21,1.2163,1.2163,3.69%
1303,2015-01-20,1.1730,1.1730,1.74%
1304,2015-01-19,1.1529,1.1529,-7.52%
1305,2015-01-16,1.2467,1.2467,0.14%
1306,2015-01-15,1.2450,1.2450,2.57%
1307,2015-01-14,1.2138,1.2138,-0.95%
1308,2015-01-13,1.2255,1.2255,0.18%
1309,2015-01-12,1.2233,1.2233,-1.72%
1310,2015-01-09,1.2447,1.2447,-1.12%
1311,2015-01-08,1.2588,1.2588,-2.05%
1312,2015-01-07,1.2851,1.2851,0.02%
1313,2015-01-06,1.2848,1.2848,-0.50%
1314,2015-01-05,1.2912,1.2912,4.27%
1315,2014-12-31,1.2383,1.2383,2.62%
1316,2014-12-30,1.2067,1.2067,-0.76%
1317,2014-12-29,1.2159,1.2159,0.34%
1318,2014-12-26,1.2118,1.2118,2.80%
1319,2014-12-25,1.1788,1.1788,2.79%
1320,2014-12-24,1.1468,1.1468,-2.64%
1321,2014-12-23,1.1779,1.1779,-1.84%
1322,2014-12-22,1.2000,1.2000,0.05%
1323,2014-12-19,1.1994,1.1994,1.16%
1324,2014-12-18,1.1857,1.1857,-0.66%
1325,2014-12-17,1.1936,1.1936,0.80%
1326,2014-12-16,1.1841,1.1841,1.71%
1327,2014-12-15,1.1642,1.1642,0.24%
1328,2014-12-12,1.1614,1.1614,-0.27%
1329,2014-12-11,1.1645,1.1645,0.46%
1330,2014-12-10,1.1592,1.1592,4.51%
1331,2014-12-09,1.1092,1.1092,-3.79%
1332,2014-12-08,1.1529,1.1529,4.63%
1333,2014-12-05,1.1019,1.1019,-0.42%
1334,2014-12-04,1.1065,1.1065,3.96%
1335,2014-12-03,1.0644,1.0644,2.55%
1336,2014-12-02,1.0379,1.0379,2.59%
1337,2014-12-01,1.0117,1.0117,0.93%
1338,2014-11-28,1.0024,1.0024,1.46%
1339,2014-11-27,0.9880,0.9880,0.81%
1340,2014-11-26,0.9801,0.9801,0.67%
1341,2014-11-25,0.9736,0.9736,1.40%
1342,2014-11-24,0.9602,0.9602,2.95%
1343,2014-11-21,0.9327,0.9327,1.45%
1344,2014-11-20,0.9194,0.9194,-0.11%
1345,2014-11-19,0.9204,0.9204,0.10%
1346,2014-11-18,0.9195,0.9195,-0.89%
1347,2014-11-17,0.9278,0.9278,-0.51%
1348,2014-11-14,0.9326,0.9326,0.04%
1349,2014-11-13,0.9322,0.9322,-0.78%
1350,2014-11-12,0.9395,0.9395,1.38%
1351,2014-11-11,0.9267,0.9267,-1.55%
1352,2014-11-10,0.9413,0.9413,2.40%
1353,2014-11-07,0.9192,0.9192,-0.42%
1354,2014-11-06,0.9231,0.9231,0.07%
1355,2014-11-05,0.9225,0.9225,-0.02%
1356,2014-11-04,0.9227,0.9227,0.62%
1357,2014-11-03,0.9170,0.9170,0.43%
1358,2014-10-31,0.9131,0.9131,1.99%
1359,2014-10-30,0.8953,0.8953,0.17%
1360,2014-10-29,0.8938,0.8938,1.79%
1361,2014-10-28,0.8781,0.8781,2.41%
1362,2014-10-27,0.8574,0.8574,-0.82%
1363,2014-10-24,0.8645,0.8645,-0.62%
1364,2014-10-23,0.8699,0.8699,-1.28%
1365,2014-10-22,0.8812,0.8812,-0.65%
1366,2014-10-21,0.8870,0.8870,-1.11%
1367,2014-10-20,0.8970,0.8970,0.61%
1368,2014-10-17,0.8916,0.8916,0.11%
1369,2014-10-16,0.8906,0.8906,-1.49%
1370,2014-10-15,0.9041,0.9041,0.68%
1371,2014-10-14,0.8980,0.8980,0.07%
1372,2014-10-13,0.8974,0.8974,0.25%
1373,2014-10-10,0.8952,0.8952,-0.02%
1374,2014-10-09,0.8954,0.8954,0.55%
1375,2014-10-08,0.8905,0.8905,1.10%
1376,2014-09-30,0.8808,0.8808,0.06%
1377,2014-09-29,0.8803,0.8803,0.43%
1378,2014-09-26,0.8765,0.8765,-0.09%
1379,2014-09-25,0.8773,0.8773,-0.16%
1380,2014-09-24,0.8787,0.8787,1.68%
1381,2014-09-23,0.8642,0.8642,0.77%
1382,2014-09-22,0.8576,0.8576,-1.99%
1383,2014-09-19,0.8750,0.8750,0.44%
1384,2014-09-18,0.8712,0.8712,0.32%
1385,2014-09-17,0.8684,0.8684,0.80%
1386,2014-09-16,0.8615,0.8615,-1.78%
1387,2014-09-15,0.8771,0.8771,-0.22%
1388,2014-09-12,0.8790,0.8790,0.68%
1389,2014-09-11,0.8731,0.8731,-0.49%
1390,2014-09-10,0.8774,0.8774,-0.36%
1391,2014-09-09,0.8806,0.8806,-0.12%
1392,2014-09-05,0.8817,0.8817,0.73%
1393,2014-09-04,0.8753,0.8753,0.51%
1394,2014-09-03,0.8709,0.8709,0.93%
1395,2014-09-02,0.8629,0.8629,1.23%
1396,2014-09-01,0.8524,0.8524,0.98%
1397,2014-08-29,0.8441,0.8441,0.94%
1398,2014-08-28,0.8362,0.8362,-0.95%
1399,2014-08-27,0.8442,0.8442,0.04%
1400,2014-08-26,0.8439,0.8439,-1.44%
1401,2014-08-25,0.8562,0.8562,-1.03%
1402,2014-08-22,0.8651,0.8651,0.60%
1403,2014-08-21,0.8599,0.8599,-0.46%
1404,2014-08-20,0.8639,0.8639,-0.17%
1405,2014-08-19,0.8654,0.8654,0.09%
1406,2014-08-18,0.8646,0.8646,0.61%
1407,2014-08-15,0.8594,0.8594,1.17%
1408,2014-08-14,0.8495,0.8495,-1.15%
1409,2014-08-13,0.8594,0.8594,0.25%
1410,2014-08-12,0.8573,0.8573,-0.46%
1411,2014-08-11,0.8613,0.8613,1.57%
1412,2014-08-08,0.8480,0.8480,0.11%
1413,2014-08-07,0.8471,0.8471,-1.42%
1414,2014-08-06,0.8593,0.8593,0.13%
1415,2014-08-05,0.8582,0.8582,-0.05%
1416,2014-08-04,0.8586,0.8586,1.89%
1417,2014-08-01,0.8427,0.8427,-0.80%
1418,2014-07-31,0.8495,0.8495,1.51%
1419,2014-07-30,0.8369,0.8369,-0.81%
1420,2014-07-29,0.8437,0.8437,0.02%
1421,2014-07-28,0.8435,0.8435,2.48%
1422,2014-07-25,0.8231,0.8231,1.11%
1423,2014-07-24,0.8141,0.8141,1.90%
1424,2014-07-23,0.7989,0.7989,0.58%
1425,2014-07-22,0.7943,0.7943,1.29%
1426,2014-07-21,0.7842,0.7842,-0.17%
1427,2014-07-18,0.7855,0.7855,1.07%
1428,2014-07-17,0.7772,0.7772,-0.46%
1429,2014-07-16,0.7808,0.7808,-0.26%
1430,2014-07-15,0.7828,0.7828,0.82%
1431,2014-07-14,0.7764,0.7764,1.34%
1432,2014-07-11,0.7661,0.7661,0.90%
1433,2014-07-10,0.7593,0.7593,0.34%
1434,2014-07-09,0.7567,0.7567,-1.47%
1435,2014-07-08,0.7680,0.7680,0.25%
1436,2014-07-07,0.7661,0.7661,0.10%
1437,2014-07-04,0.7653,0.7653,0.07%
1438,2014-07-03,0.7648,0.7648,0.45%
1439,2014-07-02,0.7614,0.7614,0.46%
1440,2014-07-01,0.7579,0.7579,-0.45%
1441,2014-06-30,0.7613,0.7613,0.24%
1442,2014-06-27,0.7595,0.7595,0.53%
1443,2014-06-26,0.7555,0.7555,0.85%
1444,2014-06-25,0.7491,0.7491,-0.28%
1445,2014-06-24,0.7512,0.7512,0.54%
1446,2014-06-23,0.7472,0.7472,0.08%
1447,2014-06-20,0.7466,0.7466,0.21%
1448,2014-06-19,0.7450,0.7450,-1.81%
1449,2014-06-18,0.7587,0.7587,-0.46%
1450,2014-06-17,0.7622,0.7622,-1.23%
1451,2014-06-16,0.7717,0.7717,0.10%
1452,2014-06-13,0.7709,0.7709,1.09%
1453,2014-06-12,0.7626,0.7626,-0.43%
1454,2014-06-11,0.7659,0.7659,-0.09%
1455,2014-06-10,0.7666,0.7666,1.17%
1456,2014-06-09,0.7577,0.7577,0.19%
1457,2014-06-06,0.7563,0.7563,-0.49%
1458,2014-06-05,0.7600,0.7600,1.08%
1459,2014-06-04,0.7519,0.7519,-1.21%
1460,2014-06-03,0.7611,0.7611,-0.42%
1461,2014-05-30,0.7643,0.7643,0.45%
1462,2014-05-29,0.7609,0.7609,-0.74%
1463,2014-05-28,0.7666,0.7666,1.52%
1464,2014-05-27,0.7551,0.7551,-0.37%
1465,2014-05-26,0.7579,0.7579,0.42%
1466,2014-05-23,0.7547,0.7547,0.91%
1467,2014-05-22,0.7479,0.7479,-0.19%
1468,2014-05-21,0.7493,0.7493,0.82%
1469,2014-05-20,0.7432,0.7432,0.09%
1470,2014-05-19,0.7425,0.7425,-0.92%
1471,2014-05-16,0.7494,0.7494,0.66%
1472,2014-05-15,0.7445,0.7445,-1.47%
1473,2014-05-14,0.7556,0.7556,-0.01%
1474,2014-05-13,0.7557,0.7557,-0.22%
1475,2014-05-12,0.7574,0.7574,2.61%
1476,2014-05-09,0.7381,0.7381,0.23%
1477,2014-05-08,0.7364,0.7364,-0.20%
1478,2014-05-07,0.7379,0.7379,-0.83%
1479,2014-05-06,0.7441,0.7441,0.01%
1480,2014-05-05,0.7440,0.7440,-0.11%
1481,2014-04-30,0.7448,0.7448,-0.27%
1482,2014-04-29,0.7468,0.7468,1.22%
1483,2014-04-28,0.7378,0.7378,-1.36%
1484,2014-04-25,0.7480,0.7480,-1.37%
1485,2014-04-24,0.7584,0.7584,-0.17%
1486,2014-04-23,0.7597,0.7597,0.42%
1487,2014-04-22,0.7565,0.7565,0.20%
1488,2014-04-21,0.7550,0.7550,-1.56%
1489,2014-04-18,0.7670,0.7670,-0.09%
1490,2014-04-17,0.7677,0.7677,-0.31%
1491,2014-04-16,0.7701,0.7701,0.29%
1492,2014-04-15,0.7679,0.7679,-1.84%
1493,2014-04-14,0.7823,0.7823,-0.08%
1494,2014-04-11,0.7829,0.7829,0.29%
1495,2014-04-10,0.7806,0.7806,0.93%
1496,2014-04-09,0.7734,0.7734,0.10%
1497,2014-04-08,0.7726,0.7726,1.54%
1498,2014-04-04,0.7609,0.7609,0.70%
1499,2014-04-03,0.7556,0.7556,-1.01%
1500,2014-04-02,0.7633,0.7633,0.91%
1501,2014-04-01,0.7564,0.7564,1.12%
1502,2014-03-31,0.7480,0.7480,-0.20%
1503,2014-03-28,0.7495,0.7495,-0.44%
1504,2014-03-27,0.7528,0.7528,-0.67%
1505,2014-03-26,0.7579,0.7579,-0.46%
1506,2014-03-25,0.7614,0.7614,-0.18%
1507,2014-03-24,0.7628,0.7628,1.34%
1508,2014-03-21,0.7527,0.7527,3.08%
1509,2014-03-20,0.7302,0.7302,-1.76%
1510,2014-03-19,0.7433,0.7433,-0.16%
1511,2014-03-18,0.7445,0.7445,-0.31%
1512,2014-03-17,0.7468,0.7468,1.32%
1513,2014-03-14,0.7371,0.7371,-0.97%
1514,2014-03-13,0.7443,0.7443,1.11%
1515,2014-03-12,0.7361,0.7361,-0.10%
1516,2014-03-11,0.7368,0.7368,0.67%
1517,2014-03-10,0.7319,0.7319,-3.38%
1518,2014-03-07,0.7575,0.7575,-0.56%
1519,2014-03-06,0.7618,0.7618,1.18%
1520,2014-03-05,0.7529,0.7529,-0.54%
1521,2014-03-04,0.7570,0.7570,-0.24%
1522,2014-03-03,0.7588,0.7588,0.36%
1523,2014-02-28,0.7561,0.7561,1.65%
1524,2014-02-27,0.7438,0.7438,-1.21%
1525,2014-02-26,0.7529,0.7529,0.55%
1526,2014-02-25,0.7488,0.7488,-2.44%
1527,2014-02-24,0.7675,0.7675,-2.64%
1528,2014-02-21,0.7883,0.7883,-1.38%
1529,2014-02-20,0.7993,0.7993,-0.92%
1530,2014-02-19,0.8067,0.8067,1.18%
1531,2014-02-18,0.7973,0.7973,-1.23%
1532,2014-02-17,0.8072,0.8072,1.05%
1533,2014-02-14,0.7988,0.7988,0.44%
1534,2014-02-13,0.7953,0.7953,-0.70%
1535,2014-02-12,0.8009,0.8009,0.65%
1536,2014-02-11,0.7957,0.7957,0.42%
1537,2014-02-10,0.7924,0.7924,2.09%
1538,2014-02-07,0.7762,0.7762,0.65%
1539,2014-01-30,0.7712,0.7712,-1.48%
1540,2014-01-29,0.7828,0.7828,-0.19%
1541,2014-01-28,0.7843,0.7843,0.10%
1542,2014-01-27,0.7835,0.7835,-0.57%
1543,2014-01-24,0.7880,0.7880,0.75%
1544,2014-01-23,0.7821,0.7821,-0.41%
1545,2014-01-22,0.7853,0.7853,2.71%
1546,2014-01-21,0.7646,0.7646,0.96%
1547,2014-01-20,0.7573,0.7573,0.08%
1548,2014-01-17,0.7567,0.7567,-1.52%
1549,2014-01-16,0.7684,0.7684,0.26%
1550,2014-01-15,0.7664,0.7664,-0.30%
1551,2014-01-14,0.7687,0.7687,1.38%
1552,2014-01-13,0.7582,0.7582,-1.04%
1553,2014-01-10,0.7662,0.7662,-1.03%
1554,2014-01-09,0.7742,0.7742,-0.83%
1555,2014-01-08,0.7807,0.7807,-0.06%
1556,2014-01-07,0.7812,0.7812,-0.15%
1557,2014-01-06,0.7824,0.7824,-2.84%
1558,2014-01-03,0.8053,0.8053,-1.09%
1559,2014-01-02,0.8142,0.8142,-0.23%
1560,2013-12-31,0.8161,0.8161,1.10%
1561,2013-12-30,0.8072,0.8072,-0.38%
1562,2013-12-27,0.8103,0.8103,1.67%
1563,2013-12-26,0.7970,0.7970,-2.11%
1564,2013-12-25,0.8142,0.8142,0.82%
1565,2013-12-24,0.8076,0.8076,0.16%
1566,2013-12-23,0.8063,0.8063,-0.20%
1567,2013-12-20,0.8079,0.8079,-1.86%
1568,2013-12-19,0.8232,0.8232,-0.65%
1569,2013-12-18,0.8286,0.8286,0.28%
1570,2013-12-17,0.8263,0.8263,-0.83%
1571,2013-12-16,0.8332,0.8332,-1.73%
1572,2013-12-13,0.8479,0.8479,0.36%
1573,2013-12-12,0.8449,0.8449,-0.04%
1574,2013-12-11,0.8452,0.8452,-1.82%
1575,2013-12-10,0.8609,0.8609,0.50%
1576,2013-12-09,0.8566,0.8566,-0.08%
1577,2013-12-06,0.8573,0.8573,-0.19%
1578,2013-12-05,0.8589,0.8589,-0.08%
1579,2013-12-04,0.8596,0.8596,1.42%
1580,2013-12-03,0.8476,0.8476,1.45%
1581,2013-12-02,0.8355,0.8355,-2.12%
1582,2013-11-29,0.8536,0.8536,-0.07%
1583,2013-11-28,0.8542,0.8542,1.12%
1584,2013-11-27,0.8447,0.8447,0.80%
1585,2013-11-26,0.8380,0.8380,-0.21%
1586,2013-11-25,0.8398,0.8398,-0.64%
1587,2013-11-22,0.8452,0.8452,-0.70%
1588,2013-11-21,0.8512,0.8512,-0.01%
1589,2013-11-20,0.8513,0.8513,0.54%
1590,2013-11-19,0.8467,0.8467,-0.40%
1591,2013-11-18,0.8501,0.8501,2.69%
1592,2013-11-15,0.8278,0.8278,1.78%
1593,2013-11-14,0.8133,0.8133,0.66%
1594,2013-11-13,0.8080,0.8080,-2.18%
1595,2013-11-12,0.8260,0.8260,1.10%
1596,2013-11-11,0.8170,0.8170,-0.13%
1597,2013-11-08,0.8181,0.8181,-1.18%
1598,2013-11-07,0.8279,0.8279,-0.35%
1599,2013-11-06,0.8308,0.8308,-1.45%
1600,2013-11-05,0.8430,0.8430,0.73%
1601,2013-11-04,0.8369,0.8369,-0.10%
1602,2013-11-01,0.8377,0.8377,-0.49%
1603,2013-10-31,0.8418,0.8418,-1.47%
1604,2013-10-30,0.8544,0.8544,2.04%
1605,2013-10-29,0.8373,0.8373,0.12%
1606,2013-10-28,0.8363,0.8363,-0.19%
1607,2013-10-25,0.8379,0.8379,-1.06%
1608,2013-10-24,0.8469,0.8469,-0.44%
1609,2013-10-23,0.8506,0.8506,-1.77%
1610,2013-10-22,0.8659,0.8659,-1.16%
1611,2013-10-21,0.8761,0.8761,1.71%
1612,2013-10-18,0.8614,0.8614,0.88%
1613,2013-10-17,0.8539,0.8539,-0.28%
1614,2013-10-16,0.8563,0.8563,-2.03%
1615,2013-10-15,0.8740,0.8740,-0.53%
1616,2013-10-14,0.8787,0.8787,0.50%
1617,2013-10-11,0.8743,0.8743,1.03%
1618,2013-10-10,0.8654,0.8654,0.35%
1619,2013-10-09,0.8624,0.8624,0.15%
1620,2013-10-08,0.8611,0.8611,1.91%
1621,2013-09-30,0.8450,0.8450,0.90%
1622,2013-09-27,0.8375,0.8375,0.29%
1623,2013-09-26,0.8351,0.8351,-2.21%
1624,2013-09-25,0.8540,0.8540,-0.84%
1625,2013-09-24,0.8612,0.8612,-0.68%
1626,2013-09-23,0.8671,0.8671,2.34%
1627,2013-09-18,0.8473,0.8473,0.17%
1628,2013-09-17,0.8459,0.8459,-1.66%
1629,2013-09-16,0.8602,0.8602,-0.38%
1630,2013-09-13,0.8635,0.8635,-0.62%
1631,2013-09-12,0.8689,0.8689,0.35%
1632,2013-09-11,0.8659,0.8659,1.58%
1633,2013-09-10,0.8524,0.8524,1.96%
1634,2013-09-09,0.8360,0.8360,2.45%
1635,2013-09-06,0.8160,0.8160,-0.01%
1636,2013-09-05,0.8161,0.8161,-0.63%
1637,2013-09-04,0.8213,0.8213,-0.10%
1638,2013-09-03,0.8221,0.8221,1.37%
1639,2013-09-02,0.8110,0.8110,0.78%
1640,2013-08-30,0.8047,0.8047,0.06%
1641,2013-08-29,0.8042,0.8042,-0.22%
1642,2013-08-28,0.8060,0.8060,-0.75%
1643,2013-08-27,0.8121,0.8121,0.22%
1644,2013-08-26,0.8103,0.8103,1.92%
1645,2013-08-23,0.7950,0.7950,-0.84%
1646,2013-08-22,0.8017,0.8017,-0.07%
1647,2013-08-21,0.8023,0.8023,0.21%
1648,2013-08-20,0.8006,0.8006,-0.69%
1649,2013-08-19,0.8062,0.8062,1.36%
1650,2013-08-16,0.7954,0.7954,-0.85%
1651,2013-08-15,0.8022,0.8022,-1.00%
1652,2013-08-14,0.8103,0.8103,-0.21%
1653,2013-08-13,0.8120,0.8120,0.16%
1654,2013-08-12,0.8107,0.8107,2.78%
1655,2013-08-09,0.7888,0.7888,0.36%
1656,2013-08-08,0.7860,0.7860,0.01%
1657,2013-08-07,0.7859,0.7859,-0.33%
1658,2013-08-06,0.7885,0.7885,1.39%
1659,2013-08-05,0.7777,0.7777,1.22%
1660,2013-08-02,0.7683,0.7683,0.17%
1661,2013-08-01,0.7670,0.7670,1.99%
1662,2013-07-31,0.7520,0.7520,0.68%
1663,2013-07-30,0.7469,0.7469,1.00%
1664,2013-07-29,0.7395,0.7395,-2.36%
1665,2013-07-26,0.7574,0.7574,-0.63%
1666,2013-07-25,0.7622,0.7622,-0.22%
1667,2013-07-24,0.7639,0.7639,-0.69%
1668,2013-07-23,0.7692,0.7692,3.19%
1669,2013-07-22,0.7454,0.7454,0.34%
1670,2013-07-19,0.7429,0.7429,-2.35%
1671,2013-07-18,0.7608,0.7608,-1.77%
1672,2013-07-17,0.7745,0.7745,-1.19%
1673,2013-07-16,0.7838,0.7838,0.63%
1674,2013-07-15,0.7789,0.7789,1.12%
1675,2013-07-12,0.7703,0.7703,-2.30%
1676,2013-07-11,0.7884,0.7884,4.40%
1677,2013-07-10,0.7552,0.7552,3.24%
1678,2013-07-09,0.7315,0.7315,-0.45%
1679,2013-07-08,0.7348,0.7348,-2.98%
1680,2013-07-05,0.7574,0.7574,0.53%
1681,2013-07-04,0.7534,0.7534,1.56%
1682,2013-07-03,0.7418,0.7418,-1.04%
1683,2013-07-02,0.7496,0.7496,0.27%
1684,2013-07-01,0.7476,0.7476,-0.08%
1685,2013-06-30,0.7482,0.7482,0.00%
1686,2013-06-28,0.7482,0.7482,1.49%
1687,2013-06-27,0.7372,0.7372,-0.45%
1688,2013-06-26,0.7405,0.7405,0.47%
1689,2013-06-25,0.7370,0.7370,-0.97%
1690,2013-06-24,0.7442,0.7442,-6.32%
1691,2013-06-21,0.7944,0.7944,-0.36%
1692,2013-06-20,0.7973,0.7973,-3.30%
1693,2013-06-19,0.8245,0.8245,-0.61%
1694,2013-06-18,0.8296,0.8296,0.80%
1695,2013-06-17,0.8230,0.8230,-0.76%
1696,2013-06-14,0.8293,0.8293,0.42%
1697,2013-06-13,0.8258,0.8258,-3.91%
1698,2013-06-07,0.8594,0.8594,-2.09%
1699,2013-06-06,0.8777,0.8777,-1.02%
1700,2013-06-05,0.8867,0.8867,0.07%
1701,2013-06-04,0.8861,0.8861,-1.60%
1702,2013-06-03,0.9005,0.9005,-0.07%
1703,2013-05-31,0.9011,0.9011,-1.13%
1704,2013-05-30,0.9114,0.9114,-0.34%
1705,2013-05-29,0.9145,0.9145,-0.05%
1706,2013-05-28,0.9150,0.9150,1.77%
1707,2013-05-27,0.8991,0.8991,-0.13%
1708,2013-05-24,0.9003,0.9003,0.28%
1709,2013-05-23,0.8978,0.8978,-1.31%
1710,2013-05-22,0.9097,0.9097,0.24%
1711,2013-05-21,0.9075,0.9075,0.44%
1712,2013-05-20,0.9035,0.9035,0.39%
1713,2013-05-17,0.9000,0.9000,1.60%
1714,2013-05-16,0.8858,0.8858,2.27%
1715,2013-05-15,0.8661,0.8661,0.29%
1716,2013-05-14,0.8636,0.8636,-1.74%
1717,2013-05-13,0.8789,0.8789,-0.42%
1718,2013-05-10,0.8826,0.8826,0.39%
1719,2013-05-09,0.8792,0.8792,-0.50%
1720,2013-05-08,0.8836,0.8836,0.45%
1721,2013-05-07,0.8796,0.8796,0.40%
1722,2013-05-06,0.8761,0.8761,1.20%
1723,2013-05-03,0.8657,0.8657,1.32%
1724,2013-05-02,0.8544,0.8544,0.27%
1725,2013-04-26,0.8521,0.8521,-0.65%
1726,2013-04-25,0.8577,0.8577,-1.40%
1727,2013-04-24,0.8699,0.8699,1.58%
1728,2013-04-23,0.8564,0.8564,-2.91%
1729,2013-04-22,0.8821,0.8821,-0.01%
1730,2013-04-19,0.8822,0.8822,2.26%
1731,2013-04-18,0.8627,0.8627,0.27%
1732,2013-04-17,0.8604,0.8604,0.05%
1733,2013-04-16,0.8600,0.8600,1.31%
1734,2013-04-15,0.8489,0.8489,-0.98%
1735,2013-04-12,0.8573,0.8573,-0.76%
1736,2013-04-11,0.8639,0.8639,-0.22%
1737,2013-04-10,0.8658,0.8658,-0.21%
1738,2013-04-09,0.8676,0.8676,0.61%
1739,2013-04-08,0.8623,0.8623,-0.38%
1740,2013-04-03,0.8656,0.8656,-0.23%
1741,2013-04-02,0.8676,0.8676,0.53%
1742,2013-04-01,0.8630,0.8630,0.59%
1743,2013-03-29,0.8579,0.8579,-0.72%
1744,2013-03-28,0.8641,0.8641,-2.58%
1745,2013-03-27,0.8870,0.8870,0.26%
1746,2013-03-26,0.8847,0.8847,-1.16%
1747,2013-03-25,0.8951,0.8951,-0.17%
1748,2013-03-22,0.8966,0.8966,-0.01%
1749,2013-03-21,0.8967,0.8967,0.07%
1750,2013-03-20,0.8961,0.8961,2.76%
1751,2013-03-19,0.8720,0.8720,0.88%
1752,2013-03-18,0.8644,0.8644,-1.09%
1753,2013-03-15,0.8739,0.8739,-0.05%
1754,2013-03-14,0.8743,0.8743,-0.13%
1755,2013-03-13,0.8754,0.8754,-1.25%
1756,2013-03-12,0.8865,0.8865,-1.25%
1757,2013-03-11,0.8977,0.8977,-0.14%
1758,2013-03-08,0.8990,0.8990,-0.75%
1759,2013-03-07,0.9058,0.9058,-0.42%
1760,2013-03-06,0.9096,0.9096,1.27%
1761,2013-03-05,0.8982,0.8982,1.77%
1762,2013-03-04,0.8826,0.8826,-4.99%
1763,2013-03-01,0.9290,0.9290,-0.15%
1764,2013-02-28,0.9304,0.9304,3.14%
1765,2013-02-27,0.9021,0.9021,1.27%
1766,2013-02-26,0.8908,0.8908,-1.49%
1767,2013-02-25,0.9043,0.9043,-0.01%
1768,2013-02-22,0.9044,0.9044,-0.74%
1769,2013-02-21,0.9111,0.9111,-2.95%
1770,2013-02-20,0.9388,0.9388,0.85%
1771,2013-02-19,0.9309,0.9309,-2.48%
1772,2013-02-18,0.9546,0.9546,-1.34%
1773,2013-02-08,0.9676,0.9676,1.12%
1774,2013-02-07,0.9569,0.9569,-0.21%
1775,2013-02-06,0.9589,0.9589,-0.52%
1776,2013-02-05,0.9639,0.9639,1.28%
1777,2013-02-04,0.9517,0.9517,-0.06%
1778,2013-02-01,0.9523,0.9523,1.37%
1779,2013-01-31,0.9394,0.9394,-0.89%
1780,2013-01-30,0.9478,0.9478,0.85%
1781,2013-01-29,0.9398,0.9398,0.51%
1782,2013-01-28,0.9350,0.9350,2.91%
1783,2013-01-25,0.9086,0.9086,-0.83%
1784,2013-01-24,0.9162,0.9162,-1.20%
1785,2013-01-23,0.9273,0.9273,0.26%
1786,2013-01-22,0.9249,0.9249,-0.26%
1787,2013-01-21,0.9273,0.9273,1.71%
1788,2013-01-18,0.9117,0.9117,1.58%
1789,2013-01-17,0.8975,0.8975,-0.58%
1790,2013-01-16,0.9027,0.9027,-0.50%
1791,2013-01-15,0.9072,0.9072,0.73%
1792,2013-01-14,0.9006,0.9006,2.96%
1793,2013-01-11,0.8747,0.8747,-1.85%
1794,2013-01-10,0.8912,0.8912,0.28%
1795,2013-01-09,0.8887,0.8887,0.17%
1796,2013-01-08,0.8872,0.8872,-0.31%
1797,2013-01-07,0.8900,0.8900,0.26%
1798,2013-01-04,0.8877,0.8877,0.44%
1799,2012-12-31,0.8838,0.8838,0.98%
1800,2012-12-28,0.8752,0.8752,0.64%
1801,2012-12-27,0.8696,0.8696,-0.20%
1802,2012-12-26,0.8713,0.8713,0.51%
1803,2012-12-25,0.8669,0.8669,2.86%
1804,2012-12-24,0.8428,0.8428,0.12%
1805,2012-12-21,0.8418,0.8418,-0.37%
1806,2012-12-20,0.8449,0.8449,0.60%
1807,2012-12-19,0.8399,0.8399,0.43%
1808,2012-12-18,0.8363,0.8363,-0.35%
1809,2012-12-17,0.8392,0.8392,0.64%
1810,2012-12-14,0.8339,0.8339,4.33%
1811,2012-12-13,0.7993,0.7993,-1.00%
1812,2012-12-12,0.8074,0.8074,0.24%
1813,2012-12-11,0.8055,0.8055,-0.65%
1814,2012-12-10,0.8108,0.8108,1.08%
1815,2012-12-07,0.8021,0.8021,1.58%
1816,2012-12-06,0.7896,0.7896,-0.19%
1817,2012-12-05,0.7911,0.7911,3.59%
1818,2012-12-04,0.7637,0.7637,1.30%
1819,2012-12-03,0.7539,0.7539,-1.57%
1820,2012-11-30,0.7659,0.7659,1.23%
1821,2012-11-29,0.7566,0.7566,-0.43%
1822,2012-11-28,0.7599,0.7599,-1.49%
1823,2012-11-27,0.7714,0.7714,-1.12%
1824,2012-11-26,0.7801,0.7801,-0.98%
1825,2012-11-23,0.7878,0.7878,0.64%
1826,2012-11-22,0.7828,0.7828,-0.90%
1827,2012-11-21,0.7899,0.7899,1.50%
1828,2012-11-20,0.7782,0.7782,0.06%
1829,2012-11-19,0.7777,0.7777,-0.14%
1830,2012-11-16,0.7788,0.7788,-0.54%
1831,2012-11-15,0.7830,0.7830,-1.34%
1832,2012-11-14,0.7936,0.7936,0.39%
1833,2012-11-13,0.7905,0.7905,-1.96%
1834,2012-11-12,0.8063,0.8063,0.72%
1835,2012-11-09,0.8005,0.8005,-0.27%
1836,2012-11-08,0.8027,0.8027,-2.00%
1837,2012-11-07,0.8191,0.8191,-0.30%
1838,2012-11-06,0.8216,0.8216,-0.46%
1839,2012-11-05,0.8254,0.8254,-0.11%
1840,2012-11-02,0.8263,0.8263,0.30%
1841,2012-11-01,0.8238,0.8238,1.92%
1842,2012-10-31,0.8083,0.8083,0.62%
1843,2012-10-30,0.8033,0.8033,0.26%
1844,2012-10-29,0.8012,0.8012,-0.40%
1845,2012-10-26,0.8044,0.8044,-2.43%
1846,2012-10-25,0.8244,0.8244,-0.48%
1847,2012-10-24,0.8284,0.8284,0.00%
1848,2012-10-23,0.8284,0.8284,-0.89%
1849,2012-10-22,0.8358,0.8358,0.44%
1850,2012-10-19,0.8321,0.8321,0.04%
1851,2012-10-18,0.8318,0.8318,1.86%
1852,2012-10-17,0.8166,0.8166,0.02%
1853,2012-10-16,0.8164,0.8164,-0.04%
1854,2012-10-15,0.8167,0.8167,-0.69%
1855,2012-10-12,0.8224,0.8224,-0.16%
1856,2012-10-11,0.8237,0.8237,-1.22%
1857,2012-10-10,0.8339,0.8339,0.68%
1858,2012-10-09,0.8283,0.8283,2.17%
1859,2012-10-08,0.8107,0.8107,-1.43%
1860,2012-09-30,0.8225,0.8225,0.00%
1861,2012-09-28,0.8225,0.8225,1.95%
1862,2012-09-27,0.8068,0.8068,3.25%
1863,2012-09-26,0.7814,0.7814,-1.24%
1864,2012-09-25,0.7912,0.7912,-0.20%
1865,2012-09-24,0.7928,0.7928,0.89%
1866,2012-09-21,0.7858,0.7858,-0.18%
1867,2012-09-20,0.7872,0.7872,-2.43%
1868,2012-09-19,0.8068,0.8068,0.74%
1869,2012-09-18,0.8009,0.8009,-1.06%
1870,2012-09-17,0.8095,0.8095,-3.02%
1871,2012-09-14,0.8347,0.8347,0.68%
1872,2012-09-13,0.8291,0.8291,-1.05%
1873,2012-09-12,0.8379,0.8379,0.46%
1874,2012-09-11,0.8341,0.8341,-0.60%
1875,2012-09-10,0.8391,0.8391,0.84%
1876,2012-09-07,0.8321,0.8321,4.60%
1877,2012-09-06,0.7955,0.7955,0.57%
1878,2012-09-05,0.7910,0.7910,-0.15%
1879,2012-09-04,0.7922,0.7922,-1.39%
1880,2012-09-03,0.8034,0.8034,1.12%
1881,2012-08-31,0.7945,0.7945,-0.28%
1882,2012-08-30,0.7967,0.7967,-0.30%
1883,2012-08-29,0.7991,0.7991,-1.22%
1884,2012-08-28,0.8090,0.8090,0.31%
1885,2012-08-27,0.8065,0.8065,-2.18%
1886,2012-08-24,0.8245,0.8245,-1.75%
1887,2012-08-23,0.8392,0.8392,0.13%
1888,2012-08-22,0.8381,0.8381,-1.16%
1889,2012-08-21,0.8479,0.8479,0.07%
1890,2012-08-20,0.8473,0.8473,-0.81%
1891,2012-08-17,0.8542,0.8542,-0.41%
1892,2012-08-16,0.8577,0.8577,-0.46%
1893,2012-08-15,0.8617,0.8617,-0.53%
1894,2012-08-14,0.8663,0.8663,0.72%
1895,2012-08-13,0.8601,0.8601,-2.22%
1896,2012-08-10,0.8796,0.8796,-0.59%
1897,2012-08-09,0.8848,0.8848,0.80%
1898,2012-08-08,0.8778,0.8778,-0.16%
1899,2012-08-07,0.8792,0.8792,0.22%
1900,2012-08-06,0.8773,0.8773,1.22%
1901,2012-08-03,0.8667,0.8667,0.80%
1902,2012-08-02,0.8598,0.8598,-1.65%
1903,2012-08-01,0.8742,0.8742,1.20%
1904,2012-07-31,0.8638,0.8638,-0.31%
1905,2012-07-30,0.8665,0.8665,-0.18%
1906,2012-07-27,0.8681,0.8681,0.06%
1907,2012-07-26,0.8676,0.8676,-0.41%
1908,2012-07-25,0.8712,0.8712,-1.20%
1909,2012-07-24,0.8818,0.8818,0.73%
1910,2012-07-23,0.8754,0.8754,-1.33%
1911,2012-07-20,0.8872,0.8872,-1.37%
1912,2012-07-19,0.8995,0.8995,0.19%
1913,2012-07-18,0.8978,0.8978,-0.17%
1914,2012-07-17,0.8993,0.8993,0.80%
1915,2012-07-16,0.8922,0.8922,-2.60%
1916,2012-07-13,0.9160,0.9160,0.12%
1917,2012-07-12,0.9149,0.9149,1.43%
1918,2012-07-11,0.9020,0.9020,0.70%
1919,2012-07-10,0.8957,0.8957,-0.16%
1920,2012-07-09,0.8971,0.8971,-2.35%
1921,2012-07-06,0.9187,0.9187,2.17%
1922,2012-07-05,0.8992,0.8992,-1.44%
1923,2012-07-04,0.9123,0.9123,-0.36%
1924,2012-07-03,0.9156,0.9156,0.12%
1925,2012-07-02,0.9145,0.9145,0.27%
1926,2012-06-30,0.9120,0.9120,0.00%
1927,2012-06-29,0.9120,0.9120,0.80%
1928,2012-06-28,0.9048,0.9048,-0.67%
1929,2012-06-27,0.9109,0.9109,-0.37%
1930,2012-06-26,0.9143,0.9143,0.37%
1931,2012-06-25,0.9109,0.9109,-2.52%
1932,2012-06-21,0.9344,0.9344,-1.12%
1933,2012-06-20,0.9450,0.9450,-0.14%
1934,2012-06-19,0.9463,0.9463,-1.06%
1935,2012-06-18,0.9564,0.9564,0.68%
1936,2012-06-15,0.9499,0.9499,-0.01%
1937,2012-06-14,0.9500,0.9500,-0.71%
1938,2012-06-13,0.9568,0.9568,1.33%
1939,2012-06-12,0.9442,0.9442,-0.56%
1940,2012-06-11,0.9495,0.9495,1.64%
1941,2012-06-08,0.9342,0.9342,-0.38%
1942,2012-06-07,0.9378,0.9378,-0.46%
1943,2012-06-06,0.9421,0.9421,-0.33%
1944,2012-06-05,0.9452,0.9452,-0.17%
1945,2012-06-04,0.9468,0.9468,-2.61%
1946,2012-06-01,0.9722,0.9722,-0.16%
1947,2012-05-31,0.9738,0.9738,-0.27%
1948,2012-05-30,0.9764,0.9764,-0.30%
1949,2012-05-29,0.9793,0.9793,0.99%
1950,2012-05-28,0.9697,0.9697,2.17%
1951,2012-05-25,0.9491,0.9491,-0.42%
1952,2012-05-24,0.9531,0.9531,-1.08%
1953,2012-05-23,0.9635,0.9635,-0.18%
1954,2012-05-22,0.9652,0.9652,1.71%
1955,2012-05-21,0.9490,0.9490,0.29%
1956,2012-05-18,0.9463,0.9463,-1.28%
1957,2012-05-17,0.9586,0.9586,1.56%
1958,2012-05-16,0.9439,0.9439,-1.72%
1959,2012-05-15,0.9604,0.9604,0.41%
1960,2012-05-14,0.9565,0.9565,-0.73%
1961,2012-05-11,0.9635,0.9635,-0.64%
1962,2012-05-10,0.9697,0.9697,-0.01%
1963,2012-05-09,0.9698,0.9698,-1.90%
1964,2012-05-08,0.9886,0.9886,-0.62%
1965,2012-05-07,0.9948,0.9948,0.20%
1966,2012-05-04,0.9928,0.9928,0.74%
1967,2012-05-03,0.9855,0.9855,0.06%
1968,2012-05-02,0.9849,0.9849,2.27%
1969,2012-04-27,0.9630,0.9630,-0.30%
1970,2012-04-26,0.9659,0.9659,-0.02%
1971,2012-04-25,0.9661,0.9661,1.22%
1972,2012-04-24,0.9545,0.9545,-0.44%
1973,2012-04-23,0.9587,0.9587,-0.55%
1974,2012-04-20,0.9640,0.9640,1.00%
1975,2012-04-19,0.9545,0.9545,-0.42%
1976,2012-04-18,0.9585,0.9585,2.25%
1977,2012-04-17,0.9374,0.9374,-1.41%
1978,2012-04-16,0.9508,0.9508,-0.11%
1979,2012-04-13,0.9518,0.9518,0.38%
1980,2012-04-12,0.9482,0.9482,1.80%
1981,2012-04-11,0.9314,0.9314,0.18%
1982,2012-04-10,0.9297,0.9297,1.02%
1983,2012-04-09,0.9203,0.9203,-0.87%
1984,2012-04-06,0.9284,0.9284,0.49%
1985,2012-04-05,0.9239,0.9239,2.43%
1986,2012-03-31,0.9020,0.9020,0.00%
1987,2012-03-30,0.9020,0.9020,0.24%
1988,2012-03-29,0.8998,0.8998,-0.97%
1989,2012-03-28,0.9086,0.9086,-2.71%
1990,2012-03-27,0.9339,0.9339,-0.39%
1991,2012-03-26,0.9376,0.9376,-0.05%
1992,2012-03-23,0.9381,0.9381,-1.41%
1993,2012-03-22,0.9515,0.9515,-0.14%
1994,2012-03-21,0.9528,0.9528,-0.15%
1995,2012-03-20,0.9542,0.9542,-1.40%
1996,2012-03-19,0.9677,0.9677,0.14%
1997,2012-03-16,0.9663,0.9663,1.45%
1998,2012-03-15,0.9525,0.9525,-0.84%
1999,2012-03-14,0.9606,0.9606,-3.16%
2000,2012-03-13,0.9919,0.9919,1.02%
2001,2012-03-12,0.9819,0.9819,-0.78%
2002,2012-03-09,0.9896,0.9896,0.93%
2003,2012-03-08,0.9805,0.9805,1.03%
2004,2012-03-07,0.9705,0.9705,-0.23%
2005,2012-03-06,0.9727,0.9727,-1.14%
2006,2012-03-05,0.9839,0.9839,-0.60%
2007,2012-03-02,0.9898,0.9898,2.42%
2008,2012-03-01,0.9664,0.9664,0.23%
2009,2012-02-29,0.9642,0.9642,-1.58%
2010,2012-02-28,0.9797,0.9797,0.07%
2011,2012-02-27,0.9790,0.9790,0.62%
2012,2012-02-24,0.9730,0.9730,1.82%
2013,2012-02-23,0.9556,0.9556,0.60%
2014,2012-02-22,0.9499,0.9499,1.89%
2015,2012-02-21,0.9323,0.9323,0.77%
2016,2012-02-20,0.9252,0.9252,0.23%
2017,2012-02-17,0.9231,0.9231,-0.19%
2018,2012-02-16,0.9249,0.9249,-0.51%
2019,2012-02-15,0.9296,0.9296,1.40%
2020,2012-02-14,0.9168,0.9168,-0.36%
2021,2012-02-13,0.9201,0.9201,-0.21%
2022,2012-02-10,0.9220,0.9220,0.50%
2023,2012-02-09,0.9174,0.9174,0.30%
2024,2012-02-08,0.9147,0.9147,2.66%
2025,2012-02-07,0.8910,0.8910,-1.84%
2026,2012-02-06,0.9077,0.9077,-0.19%
2027,2012-02-03,0.9094,0.9094,0.59%
2028,2012-02-02,0.9041,0.9041,1.73%
2029,2012-02-01,0.8887,0.8887,-1.15%
2030,2012-01-31,0.8990,0.8990,-0.18%
2031,2012-01-30,0.9006,0.9006,-2.02%
2032,2012-01-20,0.9192,0.9192,1.33%
2033,2012-01-19,0.9071,0.9071,1.93%
2034,2012-01-18,0.8899,0.8899,-1.34%
2035,2012-01-17,0.9020,0.9020,4.51%
2036,2012-01-16,0.8631,0.8631,-1.37%
2037,2012-01-13,0.8751,0.8751,-2.00%
2038,2012-01-12,0.8930,0.8930,-0.37%
2039,2012-01-11,0.8963,0.8963,-0.47%
2040,2012-01-10,0.9005,0.9005,3.40%
2041,2012-01-09,0.8709,0.8709,3.27%
2042,2012-01-06,0.8433,0.8433,0.37%
2043,2012-01-05,0.8402,0.8402,-1.01%
2044,2012-01-04,0.8488,0.8488,-1.77%
2045,2011-12-31,0.8641,0.8641,0.00%
2046,2011-12-30,0.8641,0.8641,1.38%
2047,2011-12-29,0.8523,0.8523,0.07%
2048,2011-12-28,0.8517,0.8517,-0.01%
2049,2011-12-27,0.8518,0.8518,-1.51%
2050,2011-12-26,0.8649,0.8649,-0.46%
2051,2011-12-23,0.8689,0.8689,0.94%
2052,2011-12-22,0.8608,0.8608,-0.17%
2053,2011-12-21,0.8623,0.8623,-1.32%
2054,2011-12-20,0.8738,0.8738,-0.24%
2055,2011-12-19,0.8759,0.8759,-0.27%
2056,2011-12-16,0.8783,0.8783,2.10%
2057,2011-12-15,0.8602,0.8602,-1.94%
2058,2011-12-14,0.8772,0.8772,-1.00%
2059,2011-12-13,0.8861,0.8861,-1.75%
2060,2011-12-12,0.9019,0.9019,-1.25%
2061,2011-12-09,0.9133,0.9133,-0.93%
2062,2011-12-08,0.9219,0.9219,-0.09%
2063,2011-12-07,0.9227,0.9227,0.07%
2064,2011-12-06,0.9221,0.9221,-0.03%
2065,2011-12-05,0.9224,0.9224,-1.65%
2066,2011-12-02,0.9379,0.9379,-0.99%
2067,2011-12-01,0.9473,0.9473,2.19%
2068,2011-11-30,0.9270,0.9270,-3.37%
2069,2011-11-29,0.9593,0.9593,1.03%
2070,2011-11-28,0.9495,0.9495,-0.12%
2071,2011-11-25,0.9506,0.9506,-1.03%
2072,2011-11-24,0.9605,0.9605,0.06%
2073,2011-11-23,0.9599,0.9599,-0.79%
2074,2011-11-22,0.9675,0.9675,-0.10%
2075,2011-11-21,0.9685,0.9685,0.06%
2076,2011-11-18,0.9679,0.9679,-2.57%
2077,2011-11-17,0.9934,0.9934,-0.22%
2078,2011-11-16,0.9956,0.9956,-2.45%
2079,2011-11-15,1.0206,1.0206,-0.35%
2080,2011-11-14,1.0242,1.0242,1.79%
2081,2011-11-11,1.0062,1.0062,-0.40%
2082,2011-11-10,1.0102,1.0102,-1.11%
2083,2011-11-09,1.0215,1.0215,0.67%
2084,2011-11-08,1.0147,1.0147,-0.51%
2085,2011-11-07,1.0199,1.0199,-0.86%
2086,2011-11-04,1.0287,1.0287,0.53%
2087,2011-11-03,1.0233,1.0233,0.27%
2088,2011-11-02,1.0205,1.0205,0.92%
2089,2011-11-01,1.0112,1.0112,-0.33%
2090,2011-10-31,1.0145,1.0145,-0.43%
2091,2011-10-28,1.0189,1.0189,1.34%
2092,2011-10-27,1.0054,1.0054,0.00%
2093,2011-10-26,1.0054,1.0054,0.56%
2094,2011-10-25,0.9998,0.9998,0.67%
2095,2011-10-24,0.9931,0.9931,0.76%
2096,2011-10-21,0.9856,0.9856,-0.23%
2097,2011-10-20,0.9879,0.9879,-0.57%
2098,2011-10-19,0.9936,0.9936,-0.20%
2099,2011-10-18,0.9956,0.9956,-0.50%
2100,2011-10-17,1.0006,1.0006,0.05%
2101,2011-10-14,1.0001,1.0001,0.00%
2102,2011-10-13,1.0001,1.0001,0.00%
2103,2011-09-30,1.0001,1.0001,0.01%
2104,2011-09-23,1.0000,1.0000,0.00%
2105,2011-09-16,1.0000,1.0000,0.00%
2106,2011-09-09,1.0000,1.0000,0.00%
2107,2011-09-08,1.0000,1.0000,
